can_speed,steer,wheel_fl,wheel_fr,wheel_rl,wheel_rr,acc_x,acc_y,acc_z,gyro_x,gyro_y,gyro_z
4.75166,5.7,4.76124,4.76911,4.74471,4.73156,0.15153,-1.1452,-9.30815,-0.00788,0.00979,-0.00455
4.83371,6.0,4.83306,4.85951,4.82208,4.82017,0.02653,-0.61585,-9.51965,-0.01413,-0.01291,-0.00897
4.93958,5.7,4.95828,4.94177,4.90275,4.9555,-0.02672,-0.41061,-9.91629,-0.00735,-0.017,-0.00749
5.06531,5.6,5.08056,5.10064,5.03675,5.04327,-0.03576,-0.78365,-10.40248,0.00156,-0.00786,-0.00872
5.20094,5.08887,5.20761,5.21612,5.19245,5.18756,0.06271,-1.10297,-10.13976,-0.00955,-0.00364,-0.00778
5.34662,3.99677,5.30852,5.32521,5.39708,5.35567,-0.38789,-0.94617,-9.5052,-0.02523,-0.01465,-0.0037
5.4554,3.3,5.44414,5.4611,5.43303,5.48332,-0.35316,-0.91119,-10.1191,-0.0449,0.01826,-0.00212
5.59277,3.3,5.60269,5.61756,5.55184,5.59901,0.06111,-0.14978,-9.55317,-0.0348,0.04762,-0.00496
5.67922,3.2,5.69819,5.70053,5.65801,5.66016,0.09272,-0.44227,-10.02354,-0.01319,0.04268,-0.00703
5.77681,3.0,5.76676,5.78036,5.81057,5.74956,0.08971,-0.35008,-10.223,0.00589,0.02178,-0.00468
5.87607,3.0,5.89307,5.87367,5.87641,5.86115,0.23025,-0.68164,-9.7787,0.01238,-0.00082,-0.00337
5.96118,2.90567,5.95049,5.96804,5.97117,5.95503,0.02026,-0.78199,-9.88184,-0.00392,-0.02803,-0.00312
6.0014,0.93152,5.91315,5.96169,6.08741,6.04336,-0.99118,-0.40161,-9.13947,0.00302,-0.03639,-0.00095
6.16228,-0.1,6.19386,6.19444,6.12836,6.13246,-0.28278,-0.70384,-10.66618,-0.00579,-0.03608,0.0009
6.28514,-0.00016,6.28668,6.29945,6.27386,6.28056,0.07678,-0.35214,-10.09513,0.01723,-0.01203,0.00012
6.38471,0.0,6.36177,6.38883,6.3997,6.38853,0.1342,-0.74578,-9.67286,0.02382,0.00119,-0.00148
6.52224,0.0,6.48896,6.51043,6.44437,6.64521,0.23103,0.3272,-9.67077,0.02838,0.00815,-0.0007
6.61172,0.0,6.63357,6.61522,6.61483,6.58326,-0.43567,-0.88647,-9.72521,0.02417,0.00878,-0.00084
6.66507,0.0,6.69676,6.68797,6.63892,6.63664,0.04085,-1.04949,-10.54372,0.0069,-0.00356,0.00145
6.77855,0.0,6.77001,6.7871,6.7859,6.7712,0.02331,-0.67374,-9.90029,-0.0036,-0.01205,0.0039
6.89973,0.0,6.8843,6.89542,6.89324,6.92597,-0.24622,-0.64412,-9.58021,0.00054,-0.00817,0.00028
6.97878,0.0,6.96972,6.99381,6.97276,6.97885,-0.46323,-0.42208,-10.19038,0.00993,0.00756,-0.00149
7.07753,0.0,7.0563,7.09926,7.09397,7.06058,-0.04314,-1.00704,-9.88613,0.00832,0.01786,0.00153
7.1936,0.0,7.20816,7.19998,7.16382,7.20244,0.08252,-0.67801,-9.94344,-0.01196,0.02038,0.00361
7.26584,0.0,7.26338,7.27601,7.25455,7.26944,-0.42006,-0.75195,-10.26102,-0.00773,0.01741,0.00136
7.37695,0.0,7.33759,7.38557,7.3676,7.41706,-0.03172,-0.29445,-9.73438,-0.01112,0.00851,0.00091
7.45616,0.0,7.47138,7.46187,7.4468,7.44461,-0.11617,-0.67947,-9.82732,0.00597,-0.00056,0.00149
7.51045,0.0,7.52505,7.52975,7.49015,7.49687,0.31237,-0.69698,-9.59378,-0.00538,-0.01413,0.00246
7.58731,0.0,7.58555,7.57688,7.60165,7.58517,-0.19047,-0.46446,-9.85717,-0.00749,-0.03853,0.00443
7.65268,0.0,7.658,7.65237,7.62794,7.67239,-0.67432,-0.47347,-9.94123,0.00061,-0.04649,0.00235
7.71971,0.0,7.71207,7.74023,7.73592,7.69061,-0.90977,-0.77578,-9.90953,0.01266,-0.02554,-0.00132
7.83553,0.0,7.85968,7.85869,7.81514,7.8086,-0.3647,-0.73381,-9.97753,0.00545,0.01614,0.00169
7.9351,0.0,7.95908,7.97197,7.88702,7.92231,-0.32331,-0.44478,-10.2023,0.00826,0.04066,0.00152
7.99377,0.0,8.00658,8.03333,7.97094,7.96424,0.17555,-0.79356,-10.07429,0.01116,0.02616,-0.00055
8.0745,0.0,8.06818,8.07047,8.07888,8.08047,-0.60065,-0.84329,-10.12919,0.00926,0.00469,0.00082
8.12122,0.0,8.12677,8.12489,8.12733,8.10589,-0.63458,-0.98486,-9.91363,-0.00337,-0.00112,0.0023
8.1665,0.0,8.16573,8.16602,8.175,8.15924,-0.51416,-0.37976,-9.72011,-0.00034,-0.00781,0.00226
8.1994,0.0,8.22235,8.18951,8.18851,8.19722,-0.47152,-0.35283,-9.92735,0.00451,-0.00369,0.00052
8.24871,0.0,8.23915,8.27752,8.24974,8.22842,-0.60323,-0.616,-10.05485,0.00673,-0.00478,0.00063
8.30959,0.0,8.30103,8.31614,8.29705,8.32413,-0.61204,-0.03019,-9.69441,0.00863,-0.00551,0.00215
8.33996,0.0,8.35928,8.36831,8.28743,8.34482,-0.9341,-0.40682,-10.19351,0.01367,0.00282,-0.00013
8.38734,0.0,8.40702,8.38124,8.38365,8.37746,-0.55746,-1.08593,-9.85451,-0.0031,0.00752,0.00232
8.43669,-0.2,8.46606,8.41708,8.41948,8.44414,-0.61649,-0.73405,-9.67021,-0.00658,0.00391,0.00399
8.44175,-0.4,8.44792,8.45243,8.42673,8.43994,-0.72274,-0.73373,-9.64356,0.00605,-0.00831,-3e-05
8.48547,-1.58877,8.48663,8.50485,8.48043,8.46996,-0.62714,-0.38842,-9.68441,-0.00987,-0.01986,0.00305
8.55958,-1.8,8.58719,8.57333,8.52166,8.55615,-0.63531,-0.60962,-10.15556,-0.01513,-0.00775,0.00928
8.62968,-2.0,8.65496,8.63052,8.62218,8.61104,-0.5363,-0.82476,-9.87186,-0.01919,0.0124,0.00805
8.70123,-2.60495,8.70865,8.70096,8.69563,8.69968,-0.80415,-0.33621,-9.96823,-0.03865,0.03505,0.00873
8.75763,-4.8,8.77962,8.78445,8.74778,8.71869,-0.42319,-0.55226,-10.22111,-0.03822,0.04797,0.01302
8.84741,-4.2,8.84046,8.87487,8.857,8.81732,-0.11035,-0.30939,-10.0241,-0.03933,0.04173,0.01638
8.92957,-4.3,8.94316,8.93162,8.89087,8.95262,-0.17385,-0.45859,-10.01796,-0.04638,0.028,0.01794
9.01692,-4.2,9.02979,9.02612,9.00456,9.00722,-0.13631,-0.25102,-10.17702,-0.05495,0.01729,0.01837
9.11133,-4.10623,9.13265,9.08543,9.10841,9.11884,-0.08264,-0.03136,-9.84974,-0.05344,0.0155,0.01498
9.17064,-4.0,9.15652,9.2073,9.15291,9.16583,0.09892,-0.71352,-9.83059,-0.05091,0.01076,0.01411
9.26935,-3.9,9.28288,9.31096,9.26667,9.21689,0.4176,-0.08467,-10.26795,-0.04758,0.00138,0.01588
9.35814,-3.40198,9.38581,9.35536,9.34398,9.34739,0.1339,0.22786,-9.62447,-0.03178,-0.00681,0.01287
9.4351,-3.3,9.44825,9.45252,9.43585,9.4038,-0.05178,-0.14151,-9.83036,-0.03202,-0.01994,0.01136
9.52989,-3.26548,9.55281,9.52232,9.48056,9.56387,-0.34937,0.1844,-10.22396,-0.026,-0.01596,0.01023
9.63484,-3.1,9.63525,9.64878,9.63925,9.61608,-0.45021,-0.51153,-10.24691,-0.03019,0.00328,0.00782
9.73953,-3.1,9.78443,9.75627,9.72328,9.69413,0.1312,0.03575,-9.47104,-0.02258,0.01916,0.00864
9.78801,-3.09461,9.80347,9.80897,9.8055,9.73408,0.10424,-0.17674,-9.97938,-0.01165,0.00288,0.0066
9.89541,-2.81914,9.91611,9.9106,9.88018,9.87477,0.0746,0.17516,-9.98492,-0.0057,-0.01774,0.00811
9.96659,-2.8,9.95978,9.9636,9.98607,9.95688,-0.17454,0.0208,-9.10639,0.01708,-0.0327,0.00535
10.01814,-2.7,10.03074,10.03043,10.01121,10.00016,-0.20654,-0.07275,-9.66664,0.01811,-0.04211,0.00452
10.05915,-2.7,10.03937,10.05263,10.08311,10.06148,-0.50292,0.23341,-9.53762,0.02602,-0.04743,0.00603
10.12413,-2.7,10.11804,10.14656,10.11596,10.11597,-0.84849,-0.12515,-9.53734,0.02717,-0.04185,0.00659
10.14225,-2.7,10.16218,10.14463,10.14839,10.11379,-0.81807,0.23081,-9.93391,0.03178,-0.0261,0.00744
10.18395,-2.7,10.17778,10.17634,10.215,10.16667,-0.94655,-0.40631,-9.4983,0.03961,-0.02149,0.00752
10.20341,-2.7,10.23883,10.20275,10.175,10.19708,-0.80982,0.12648,-9.82212,0.03475,-0.01923,0.00789
10.21583,-2.7,10.20924,10.20484,10.2398,10.20944,-1.34381,-0.16826,-9.80685,0.05656,-0.02335,0.00593
10.22293,-2.7,10.24452,10.19167,10.20837,10.24715,-0.77341,0.16446,-9.25625,0.06694,-0.0271,0.00601
10.2321,-2.7,10.25433,10.24567,10.24383,10.18456,-1.0949,-0.6178,-10.11849,0.08462,-0.02635,0.00557
10.28875,-2.7,10.3039,10.25112,10.28723,10.31277,-1.40373,-0.33967,-9.81468,0.08379,-0.00822,0.00532
10.2983,-2.8,10.31789,10.31944,10.27733,10.27855,-1.27443,-0.93061,-10.02135,0.07686,0.01505,0.00535
10.32245,-3.0,10.37385,10.30603,10.27343,10.33648,-0.82053,-0.42767,-10.02604,0.05899,0.02162,0.008
10.33812,-3.3,10.33352,10.36001,10.32112,10.33782,-0.74303,-0.87288,-9.75553,0.04955,0.01283,0.0111
10.36059,-3.3142,10.37778,10.35139,10.36042,10.35278,-1.05153,-0.97122,-10.42339,0.02203,0.01321,0.01521
10.38028,-1.20173,10.39961,10.35291,10.39422,10.37438,-1.56333,-1.00884,-10.29065,0.01635,0.02863,0.0151
10.3819,1.67926,10.39389,10.41309,10.36957,10.35104,-0.79778,-1.03467,-9.69313,0.00559,0.03636,0.00781
10.34329,2.5,10.33308,10.3837,10.33358,10.32281,-0.95685,-0.86443,-9.61839,0.01375,0.01032,-0.00096
10.35793,3.21012,10.35212,10.34943,10.37453,10.35565,-1.16471,-1.20748,-9.91026,-0.00321,-0.01606,-0.00295
10.31602,3.9,10.27956,10.3029,10.33393,10.3477,-1.60445,-1.0202,-9.74559,-0.00915,-0.0196,-0.002
10.28646,4.1,10.27403,10.28611,10.28458,10.30112,-1.51833,-0.95599,-9.59443,-0.01365,-0.01571,-0.00611
10.20691,4.49827,10.20374,10.21956,10.21316,10.19117,-1.64186,-0.90998,-10.15644,-0.01161,-0.01621,-0.00805
10.15998,5.89732,10.12522,10.13672,10.18894,10.18905,-1.94621,-0.96609,-10.27676,-0.00257,-0.0136,-0.00888
10.10493,6.7,10.09219,10.11402,10.11415,10.09934,-1.98779,-0.71823,-9.86569,0.00024,-0.00452,-0.0133
10.02478,6.5,9.98091,10.04965,10.02349,10.04508,-1.99727,-0.93613,-10.01632,0.00646,0.00423,-0.01662
9.93627,6.33708,9.92857,9.91746,9.93286,9.96619,-2.20633,-0.93723,-9.84678,0.0085,0.00251,-0.01662
9.85628,6.25036,9.82778,9.87226,9.85564,9.86944,-2.10716,-1.30546,-9.89272,-0.00537,-0.00521,-0.01461
9.75788,5.9,9.73361,9.76396,9.71424,9.81972,-2.1188,-0.92292,-9.64005,-0.01839,-0.00836,-0.01336
9.65129,5.50119,9.61772,9.68457,9.65,9.65287,-2.15215,-0.87426,-9.40923,-0.01253,-0.00947,-0.01293
9.57162,5.5,9.57204,9.5642,9.55883,9.59142,-2.15472,-0.93464,-9.53201,-0.01721,-0.01289,-0.01085
9.4536,5.5,9.45268,9.4717,9.43437,9.45565,-2.16441,-0.73416,-9.96042,-0.01885,-0.01146,-0.00814
9.37372,5.20217,9.38172,9.37159,9.34937,9.3922,-2.21403,-0.4998,-9.55683,-0.01392,-0.00284,-0.01007
9.26853,4.34634,9.25395,9.27368,9.26754,9.27895,-2.34636,-0.73596,-9.5549,-0.00624,0.00647,-0.01117
9.20435,2.60302,9.16994,9.25528,9.19198,9.20018,-2.26038,-0.75051,-10.09572,-0.00185,0.01546,-0.00821
9.10384,2.3,9.09105,9.09359,9.10809,9.12263,-2.0397,-0.83652,-9.55162,0.0006,0.01533,-0.00398
8.99301,2.3,8.99665,8.98712,8.9983,8.98997,-2.05921,-0.73407,-9.67038,0.00138,0.00283,-0.00237
8.8893,2.0,8.891,8.86389,8.88813,8.91416,-2.49651,-0.84978,-9.83706,0.01139,-0.00769,-0.00502
8.78331,2.0,8.73658,8.81064,8.79743,8.78857,-2.48748,-1.15105,-9.91552,0.01092,-0.00524,-0.00546
8.6779,1.9,8.65833,8.66525,8.69066,8.69734,-2.58441,-0.87399,-9.83567,0.00109,0.01111,-0.0027
8.54024,1.3,8.544,8.54644,8.51201,8.55853,-2.56896,-0.63645,-9.4947,0.00125,0.01413,-0.00217
8.41948,1.3,8.42032,8.42897,8.43295,8.39566,-2.30927,-0.638,-9.9482,-0.00424,0.00223,-0.00098
8.29114,1.3,8.31447,8.27059,8.2856,8.2939,-2.20728,-1.15747,-9.73177,-0.01166,-0.00927,0.00087
8.1471,1.3,8.12275,8.1533,8.15313,8.1592,-2.6243,-0.62801,-9.83358,-0.01627,-0.01007,0.00152
8.04099,1.3,8.01115,8.06365,8.04464,8.04452,-2.36214,-0.92059,-9.6368,-0.01325,-0.00436,0.00038
7.91671,1.3,7.93163,7.92022,7.88767,7.92734,-2.5204,-0.22729,-9.5792,-0.00823,-0.00293,-0.00048
7.78269,1.3,7.74738,7.81669,7.78048,7.78621,-2.44562,-0.82889,-9.94917,-0.00064,0.00053,0.00021
7.67115,1.1707,7.65847,7.65054,7.70833,7.66727,-2.78557,-0.79378,-9.7905,0.00375,0.00039,8e-05
7.54454,1.1,7.54789,7.52889,7.54744,7.55396,-2.3252,-0.32704,-9.34183,0.01014,-0.00542,-0.00069
7.42621,1.1,7.41645,7.48523,7.4006,7.40257,-2.33713,-1.39086,-9.86524,0.00776,-0.01503,0.0002
7.30044,0.98765,7.30392,7.28094,7.28801,7.32892,-2.39309,-0.21722,-9.75745,0.00337,-0.01609,0.00059
7.18791,0.6,7.18228,7.17998,7.18745,7.20192,-2.68853,-0.72267,-10.04968,0.01151,-0.0121,-0.00167
7.08994,0.6,7.075,7.09947,7.08611,7.0992,-2.55705,-0.90518,-9.56826,0.0021,0.00122,0.00051
6.96472,0.5,6.95721,6.95392,6.96776,6.97998,-2.69316,-1.19705,-9.76874,-0.00642,0.00909,0.00354
6.83524,0.20274,6.83676,6.81548,6.84064,6.84806,-2.56286,-0.69764,-9.95537,-0.01776,0.00628,0.00315
6.72594,-0.2,6.71951,6.72569,6.73597,6.72257,-2.61426,-0.73819,-10.12423,-0.02223,0.00494,0.00453
6.6026,-0.2,6.58056,6.58263,6.62754,6.61968,-2.4981,-0.70374,-9.62765,-0.02374,0.00629,0.00581
6.47795,-0.2,6.47568,6.4888,6.49432,6.45299,-2.35337,-0.8299,-9.74958,-0.01511,0.00455,0.00302
6.35435,-0.2,6.34566,6.37909,6.35931,6.33333,-2.32468,-0.52503,-9.59371,-0.00733,-0.00336,0.00279
6.2424,-0.1,6.23331,6.25286,6.25006,6.23336,-2.5048,-0.47945,-9.97409,-0.00433,-0.00585,0.00373
6.14144,-0.1,6.1513,6.13492,6.14899,6.13056,-2.4828,-0.84551,-9.93148,-0.00164,0.00191,0.00251
6.04998,0.5,6.06137,6.06085,6.03618,6.04154,-2.16661,-0.53164,-9.80474,-0.00051,0.01252,0.00203
5.97666,0.67067,5.99092,5.98408,5.97333,5.95833,-1.81711,-0.69133,-9.66758,-0.00104,0.0236,0.00271
5.92124,1.1975,5.93675,5.91226,5.92436,5.91158,-1.78001,-0.22797,-9.70394,0.00471,0.02926,0.00103
5.88718,1.99791,5.90889,5.91389,5.85032,5.87564,-1.11536,-1.04691,-9.88645,0.00554,0.01874,-0.00204
5.8732,4.60404,5.88106,5.89157,5.84722,5.87294,-0.94494,-0.83901,-9.97284,-0.00474,0.00938,-0.00381
5.95969,7.28963,6.0801,6.0332,5.86066,5.86479,-2.06476,-0.11315,-11.72428,0.00868,0.04957,-0.00984
5.93819,8.2,5.94437,5.93615,5.93339,5.93884,-1.49895,-0.4593,-10.35037,0.03118,0.11432,-0.01848
5.92222,8.3,5.91349,5.92698,5.93175,5.91667,-0.4914,-0.92486,-9.18548,0.03621,0.11387,-0.0204
5.88247,8.3,5.83695,5.89292,5.89694,5.90306,0.43784,-1.48182,-7.36176,0.00666,0.0386,-0.01321
5.75105,7.8,5.85232,5.8788,5.62828,5.6448,0.05468,-1.38143,-8.35174,-0.02417,-0.10053,-0.00627
5.77296,7.39905,5.76386,5.76396,5.75848,5.80554,0.05384,-0.67102,-9.85814,-0.02139,-0.24541,-0.01168
5.74297,7.16982,5.5797,5.68906,5.83073,5.87239,-2.67418,-0.539,-9.88451,-0.00508,-0.28832,-0.01856
5.86727,7.10607,5.80614,5.85309,5.89288,5.91698,-3.04104,-0.8822,-11.70502,0.00097,-0.1676,-0.01532
6.05868,6.8,6.01397,6.05308,6.10054,6.06713,-3.50796,-1.27937,-11.04373,-0.00263,0.07538,-0.01249
6.13953,6.04213,6.17495,6.19182,6.08045,6.11091,-1.05004,-0.52482,-9.83941,0.00272,0.23597,-0.01514
6.20752,5.6,6.17783,6.21385,6.22193,6.21648,0.00149,-0.73163,-9.04193,0.00564,0.2197,-0.01482
6.14803,5.28468,6.13178,6.16544,6.15902,6.13588,0.18926,-0.77852,-9.51981,-0.00449,0.1012,-0.00756
6.13472,3.05124,6.12148,6.12259,6.14333,6.15148,-0.236,-1.13564,-10.18515,-0.01435,-0.0332,-0.00377
6.14456,1.3,6.11834,6.11944,6.16656,6.17389,-0.85961,-0.54594,-10.14923,-0.0159,-0.08299,-0.00333
6.17788,1.3,6.15745,6.15495,6.20785,6.19126,-1.14017,-0.33353,-9.45148,0.00197,-0.05567,-0.00158
6.20567,1.3,6.19769,6.19491,6.23229,6.1978,-1.24198,-0.65432,-9.46601,0.01475,-0.01424,-0.00169
6.22497,1.3,6.25542,6.22788,6.21932,6.19727,-1.00645,-0.70731,-9.83676,0.01916,0.00231,-0.00316
6.23407,1.3,6.25303,6.24154,6.21679,6.22491,-0.89634,-1.04039,-9.96945,0.01068,-0.00378,-0.00063
6.26669,1.3,6.25999,6.2578,6.27144,6.27754,-0.94867,-0.86912,-9.98639,0.00147,-0.01286,0.00242
6.30067,1.3,6.29729,6.29159,6.29717,6.31663,-1.06892,-0.81114,-9.74285,0.00447,-0.01122,-0.00066
6.33532,1.3,6.3579,6.34435,6.31951,6.31951,-1.01768,-0.76888,-9.94175,0.01063,-0.00229,-0.00332
6.37041,1.3,6.36577,6.39355,6.36865,6.35367,-0.80485,-0.83394,-9.96412,0.0144,0.00461,-0.00147
6.40221,1.3,6.41106,6.39497,6.41101,6.39182,-0.98539,-0.94836,-9.94034,0.01222,0.00509,-0.0007
6.44555,1.3,6.4411,6.45222,6.43028,6.45861,-0.87361,-0.71346,-9.9185,0.00898,0.0037,-0.00074
6.46601,1.3,6.47962,6.47871,6.46138,6.44432,-1.04002,-1.0088,-10.08183,0.00123,0.00887,0.00027
6.52095,1.20397,6.51146,6.53038,6.52778,6.51418,-0.8815,-0.77664,-10.02768,-0.00289,0.01421,0.00059
6.56729,0.9,6.578,6.57087,6.54917,6.5711,-0.74492,-0.70672,-9.75427,0.00077,0.01201,0.00071
6.59174,0.9,6.60695,6.59083,6.5825,6.58667,-0.85356,-0.7357,-10.02745,-0.00216,0.00809,0.00186
6.63729,0.9,6.63972,6.65632,6.63688,6.61625,-0.80503,-0.97654,-9.89974,-0.00813,0.00613,0.00227
6.69474,0.8,6.70346,6.68637,6.68889,6.70026,-0.72755,-0.72045,-9.79026,-0.013,0.00092,0.001
6.75733,0.7,6.77917,6.76404,6.73117,6.75494,-0.55187,-0.68086,-9.8515,-0.01224,-0.00115,-0.00066
6.83291,0.7,6.84167,6.85542,6.82072,6.81384,-0.53635,-0.66917,-9.86181,-0.00871,0.00388,0.0012
6.91611,0.6,6.93445,6.92533,6.919,6.88567,-0.29286,-0.82558,-9.71941,-0.0046,0.00526,0.00292
6.99713,0.56418,7.01692,7.01982,6.97904,6.97273,-0.28542,-0.54966,-10.0344,0.00043,0.00332,0.00166
7.08073,0.9,7.10327,7.06618,7.09195,7.06153,-0.5054,-0.45436,-9.9769,0.00348,0.00688,0.00275
7.18042,2.09397,7.17534,7.18611,7.17344,7.18679,-0.7495,-0.84429,-10.33134,0.00788,0.01754,0.00264
7.27955,5.69696,7.29684,7.28563,7.28279,7.25297,-0.48705,-1.15904,-10.27923,0.00948,0.02827,-0.0045
7.36728,9.79554,7.34993,7.40539,7.34714,7.36665,-0.39626,-1.20202,-10.10664,0.00528,0.03692,-0.01488
7.43845,12.18458,7.45104,7.46578,7.43305,7.40395,-0.20693,-1.30203,-10.0175,0.00158,0.03675,-0.0239
7.52561,13.81201,7.4966,7.5784,7.47066,7.55679,-0.18044,-1.08374,-10.27962,-0.00632,0.02589,-0.02998
7.59707,14.2,7.57446,7.63327,7.55969,7.62086,-0.37461,-1.40719,-10.13439,-0.02369,0.01235,-0.03121
7.66002,14.1,7.64427,7.68316,7.60936,7.70329,-0.40491,-1.4472,-10.07681,-0.04098,0.00552,-0.03009
7.72594,13.70147,7.70204,7.76682,7.69838,7.73653,-0.5625,-1.12821,-10.35477,-0.04635,0.01362,-0.03078
7.8084,12.58965,7.77397,7.8348,7.78669,7.83816,-0.82224,-0.86792,-10.08403,-0.05337,0.02911,-0.03017
7.89081,11.34547,7.87436,7.91602,7.85155,7.92132,-0.49907,-0.84755,-9.60378,-0.06278,0.03467,-0.02653
7.92193,10.10219,7.91652,7.95292,7.86506,7.9532,-0.21758,-0.36864,-9.86684,-0.06657,0.01677,-0.02293
7.97094,9.20274,7.96567,8.00088,7.94733,7.96989,-0.00563,-0.50148,-9.70806,-0.06657,-0.01422,-0.0208
8.04392,8.5,8.06057,8.07778,7.98983,8.04749,-0.10216,-0.30625,-9.97186,-0.05922,-0.03351,-0.01942
8.11333,8.29734,8.09599,8.12104,8.11038,8.12591,-0.58967,-0.92455,-9.65888,-0.05485,-0.03252,-0.01818
8.19867,7.9,8.18575,8.2035,8.1936,8.21184,-0.68175,-0.62826,-9.50251,-0.04739,-0.02109,-0.01895
8.24735,7.8,8.25975,8.28821,8.21343,8.228,-0.4391,-0.08584,-9.95373,-0.02904,-0.01473,-0.02072
8.32852,7.7,8.29432,8.37288,8.32132,8.32557,-0.40423,-0.34575,-9.89672,-0.02703,-0.01391,-0.02026
8.42385,6.51966,8.3891,8.48046,8.40844,8.41742,-0.29129,-0.61564,-9.95156,-0.0263,-0.00958,-0.0183
8.48829,5.38182,8.48302,8.52794,8.45278,8.48941,-0.45378,-0.76361,-9.92832,-0.02564,-0.00949,-0.01647
8.555,5.2,8.54165,8.56417,8.5645,8.54968,-0.32533,-0.98312,-9.57074,-0.03372,-0.01568,-0.01416
8.62715,4.9857,8.64058,8.66713,8.59176,8.60911,-0.03702,-0.09618,-9.86227,-0.02829,-0.02549,-0.01428
8.70877,4.17531,8.68525,8.72672,8.72505,8.69808,-0.6969,-0.92708,-9.12443,-0.02741,-0.03592,-0.01436
8.78568,4.07572,8.80865,8.77171,8.78271,8.77966,-0.65004,-0.38047,-9.90775,-0.01494,-0.04039,-0.01285
8.8372,3.68903,8.83333,8.87928,8.80742,8.82878,-0.32233,0.01847,-9.91135,0.00795,-0.03445,-0.0122
8.9546,2.56139,8.96336,8.97222,8.96481,8.91799,-0.66379,-0.23713,-10.42294,0.02369,-0.00897,-0.01146
9.02696,0.95276,9.05114,9.05335,9.03326,8.97008,-0.15985,-0.36177,-9.95637,0.03143,0.01399,-0.00997
9.09933,-0.3,9.11284,9.13097,9.06792,9.08559,-0.20733,-0.12309,-9.9393,0.03155,0.01248,-0.00611
9.17351,-0.7,9.24142,9.186,9.11668,9.14993,-0.31878,-0.13104,-10.45967,0.04018,-0.00502,-0.00214
9.24587,-0.9,9.23646,9.24065,9.26972,9.23665,-0.35031,-0.42079,-9.9491,0.03523,-0.01536,-0.00025
9.31388,-1.43438,9.29444,9.3111,9.31944,9.33056,-0.94286,-0.32282,-9.76773,0.03381,-0.01126,0.0018
9.33057,-2.0,9.35015,9.33591,9.31711,9.3191,-0.80918,-0.56388,-10.04809,0.03655,-0.01036,0.00152
9.40567,-2.91609,9.41467,9.41829,9.41027,9.37946,-0.71591,-0.21591,-9.67924,0.03676,-0.01253,0.00376
9.42174,-5.31274,9.48139,9.44688,9.37292,9.38576,-0.69755,0.19057,-10.33647,0.04224,-0.00141,0.00892
9.48841,-6.57493,9.49597,9.50426,9.50266,9.45076,-0.9887,-0.37835,-10.18979,0.03922,0.016,0.01557
9.52969,-6.8,9.54249,9.48838,9.53662,9.55126,-0.90548,-0.20262,-9.38136,0.03253,0.01091,0.02024
9.51315,-7.90098,9.54157,9.5194,9.51941,9.47222,-0.6108,-0.47521,-9.52647,0.01469,-0.0198,0.02194
9.55536,-9.36463,9.59141,9.49977,9.5693,9.56095,-1.50188,-0.03797,-10.3655,0.00661,-0.03111,0.02546
9.57931,-10.67461,9.58606,9.5805,9.60334,9.54733,-1.50611,-0.35336,-10.08176,0.0027,0.0013,0.0302
9.61566,-10.8,9.65253,9.59735,9.64937,9.56338,-1.35792,-0.50764,-9.45448,-0.00446,0.0323,0.03611
9.5945,-11.20691,9.66669,9.55828,9.63331,9.51972,-1.0292,0.00427,-10.21168,0.00554,0.02134,0.03731
9.62153,-12.1,9.62488,9.60012,9.65301,9.6081,-0.78807,-0.06908,-9.68773,0.00611,-0.01324,0.03636
9.6219,-11.8,9.65534,9.61115,9.63141,9.5897,-1.02509,-0.21137,-9.83916,0.00107,-0.03198,0.03816
9.65332,-11.17721,9.67842,9.65715,9.71802,9.55969,-1.45988,-0.63262,-10.19847,-0.0054,-0.01742,0.03856
9.6951,-10.04063,9.70033,9.66114,9.70836,9.71058,-1.38092,-0.42866,-9.91753,-0.01244,0.00911,0.03668
9.70216,-9.8,9.71921,9.69748,9.72445,9.6675,-0.95166,-0.696,-9.38756,-0.03161,0.01379,0.03549
9.70913,-9.7,9.75363,9.67602,9.7136,9.69326,-0.79097,0.39029,-9.72515,-0.02106,-0.00997,0.03392
9.66862,-8.71411,9.56424,9.71284,9.70626,9.69114,-1.19006,-0.86825,-9.71759,-0.00421,-0.03091,0.03124
9.7391,-6.5,9.8115,9.65295,9.78632,9.70563,-0.56073,-2.09213,-8.40489,-0.00971,-0.02872,0.02734
9.69833,-6.7,9.68046,9.7668,9.65434,9.69171,-2.06507,-0.17123,-10.9159,-0.00223,-0.01533,0.02204
9.67917,-6.8,9.78889,9.73056,9.43056,9.76667,-1.72958,0.738,-10.26948,0.02937,0.00687,0.01745
9.76078,-6.95981,9.76123,9.78328,9.72073,9.77787,-1.39245,-0.2992,-9.12613,0.02324,0.02686,0.02139
9.73821,-7.39765,9.77926,9.76015,9.64807,9.76537,-0.84733,0.12261,-9.4039,0.00022,0.02041,0.02581
9.76098,-9.10188,9.82186,9.72101,9.73281,9.76823,-1.19019,1.44892,-9.77623,0.01335,-0.00035,0.02385
9.7335,-10.79993,9.70882,9.72784,9.76385,9.73351,-1.81094,-0.00717,-9.7215,0.01248,-0.00539,0.02751
9.75443,-12.35904,9.78097,9.68931,9.8085,9.73893,-1.92183,-0.34206,-9.4848,0.00788,0.00552,0.03608
9.7137,-13.39877,9.77205,9.65606,9.78106,9.64562,-1.43911,-0.1763,-9.73115,0.00754,0.0035,0.04213
9.68822,-13.7,9.76656,9.65268,9.66424,9.66941,-1.16839,-0.11767,-9.56913,0.0037,-0.01083,0.0448
9.65146,-13.88253,9.67534,9.62812,9.68989,9.61248,-1.58138,-0.02578,-10.02387,0.00123,-0.01771,0.04484
9.6725,-13.9,9.69984,9.61595,9.74937,9.62484,-1.5361,-0.13126,-9.61078,0.00065,-0.01084,0.04562
9.66767,-13.9,9.7074,9.65956,9.68705,9.61667,-1.52188,-0.0746,-9.88315,0.00984,0.00327,0.04566
9.70206,-13.9,9.7362,9.66682,9.76365,9.64158,-1.3432,0.22053,-10.15174,0.02846,0.01783,0.04315
9.73657,-13.7,9.77193,9.70237,9.78037,9.69159,-1.24812,-0.18127,-10.05645,0.03215,0.02026,0.04319
9.75271,-13.5,9.78047,9.72765,9.79316,9.70957,-1.0025,-0.15171,-9.80562,0.02221,0.00853,0.04603
9.75907,-13.3,9.78907,9.73599,9.75845,9.75278,-1.1495,0.48611,-10.04486,0.02891,-0.00774,0.04528
9.77994,-12.66068,9.78812,9.74915,9.83468,9.7478,-1.17588,-0.36879,-9.70059,0.02161,-0.01223,0.04371
9.82107,-11.80058,9.86852,9.77129,9.86573,9.77872,-1.4766,-0.37219,-9.80455,0.01543,-0.00628,0.04275
9.82668,-11.50023,9.86469,9.80814,9.84463,9.78927,-0.91886,-0.29502,-9.73691,0.01416,-0.00506,0.03951
9.85973,-10.53152,9.90554,9.83059,9.86669,9.83611,-1.0493,-0.30042,-9.9553,0.0093,-0.00329,0.0383
9.88702,-9.50069,9.90857,9.8777,9.90944,9.85238,-1.30753,-0.40474,-9.986,0.01354,0.00751,0.03651
9.92589,-8.39857,9.9709,9.89848,9.9293,9.9049,-1.24747,-0.22706,-9.9152,0.01847,0.0198,0.03316
9.92375,-7.26593,9.94274,9.91738,9.95627,9.87861,-1.12593,-0.41025,-9.79462,0.02718,0.01384,0.03015
9.95764,-6.00174,9.97222,9.93611,9.97787,9.94436,-1.03403,-0.36458,-9.65943,0.02635,-0.00803,0.02618
9.97519,-2.87638,9.99268,9.95556,9.97929,9.97323,-0.88996,-0.44537,-9.3946,0.02398,-0.02835,0.02026
10.00864,0.51206,9.98611,10.01764,10.03282,9.99799,-1.22706,-0.74828,-9.47143,0.02338,-0.03294,0.01013
10.02701,2.92523,10.01743,10.02599,10.0217,10.04293,-1.33126,-0.59199,-9.6254,0.02681,-0.02719,-0.00042
10.08043,4.46043,10.08039,10.09437,10.07773,10.06921,-1.45038,-1.05847,-9.8777,0.01602,-0.00876,-0.00627
10.12182,5.79637,10.10995,10.12546,10.09814,10.15371,-1.41062,-0.77314,-10.14277,0.01508,0.01628,-0.01223
10.14771,6.2,10.13976,10.16007,10.13546,10.15556,-1.22048,-1.02655,-9.75744,0.00694,0.02338,-0.01686
10.17772,5.9,10.20261,10.20519,10.12524,10.17785,-0.96387,-0.86606,-10.33079,0.0008,0.01165,-0.01654
10.21435,5.9,10.19216,10.23331,10.20718,10.22473,-1.18181,-0.93411,-10.02066,-0.00499,-0.00108,-0.01446
10.24911,6.0,10.26083,10.23317,10.24952,10.25294,-1.1001,-0.87886,-9.43669,-0.00831,-0.00308,-0.01339
10.25061,6.06652,10.26345,10.22016,10.26051,10.25833,-1.42482,-0.74847,-9.96192,-0.00434,0.00389,-0.01368
10.30214,6.3006,10.28339,10.33049,10.28623,10.30845,-1.35682,-1.34068,-10.01284,0.00224,0.01209,-0.01618
10.2709,6.4,10.28606,10.32784,10.27505,10.19464,-0.90267,-1.63429,-10.1077,-0.00634,0.01178,-0.01611
10.33512,6.63888,10.33918,10.33091,10.28996,10.38042,-1.16164,-0.70826,-10.27694,-0.00227,0.00921,-0.01636
10.35688,8.12933,10.33002,10.38105,10.35251,10.36393,-0.95274,-1.47456,-9.59217,-0.00407,0.00043,-0.0192
10.37467,9.81384,10.38162,10.39532,10.34885,10.3729,-0.92944,-1.0311,-10.38067,0.00297,-0.00898,-0.02316
10.39373,10.39931,10.36147,10.42518,10.39363,10.39463,-0.95045,-0.96033,-10.09615,0.01311,-0.00579,-0.02971
10.4437,10.86631,10.42465,10.4557,10.41382,10.48065,-1.27997,-0.55742,-9.95595,0.01576,0.01029,-0.03146
10.47753,11.7,10.45234,10.51925,10.42792,10.51062,-1.17859,-0.88557,-9.76231,0.02633,0.02174,-0.03383
10.49866,12.41629,10.45745,10.54339,10.48228,10.51153,-0.81338,-1.59555,-9.96904,0.02295,0.01691,-0.03627
10.50764,12.90176,10.47222,10.57498,10.48055,10.50281,-1.40606,-1.44928,-10.29472,0.02571,0.01179,-0.03978
10.53127,13.5999,10.49467,10.55514,10.50594,10.56935,-1.53676,-0.90484,-10.55553,0.02507,0.02388,-0.04089
10.56779,14.2,10.52703,10.62474,10.52032,10.59906,-1.36652,-1.78076,-10.19656,0.00174,0.04687,-0.04071
10.58529,14.4,10.5668,10.62519,10.56325,10.58592,-0.83125,-1.36851,-10.18597,-0.00957,0.05668,-0.04015
10.60276,14.2,10.56666,10.6805,10.51388,10.65001,-1.25435,-1.23065,-10.77064,-0.02465,0.05994,-0.04267
10.60567,13.8,10.54658,10.66632,10.57089,10.63889,-1.62803,-2.01424,-10.88088,-0.06471,0.07387,-0.03696
10.60954,13.09422,10.62914,10.64647,10.52753,10.63502,-1.05413,-1.292,-10.45015,-0.06802,0.0836,-0.03439
10.57421,11.95782,10.55637,10.59341,10.56411,10.58295,-0.99735,-1.0641,-10.54334,-0.10712,0.0863,-0.03119
10.56316,9.72671,10.51574,10.57764,10.4914,10.66786,-1.01727,-0.53803,-9.9945,-0.13536,0.07114,-0.02192
10.50114,9.51505,10.46345,10.57661,10.51258,10.4519,-0.59341,-0.26752,-9.19659,-0.09041,0.0092,-0.02066
10.3785,9.5,10.36494,10.43681,10.36511,10.34715,-0.55312,-1.20223,-9.30074,-0.05527,-0.06761,-0.02881
10.3981,9.5,10.34319,10.41102,10.41403,10.42416,-1.13429,-0.61499,-9.68741,-0.05159,-0.08514,-0.02858
10.44883,10.1061,10.38451,10.44207,10.39842,10.57031,-2.05253,0.5683,-8.90972,-0.00081,-0.03463,-0.03311
10.37844,11.40667,10.38334,10.38606,10.38042,10.36394,-2.07528,-0.63774,-9.75835,-0.00207,-0.00772,-0.03662
10.38947,10.97981,10.38548,10.42311,10.32112,10.42815,-0.85929,-0.68999,-9.63105,0.00193,-0.02914,-0.03446
10.36737,10.1,10.32109,10.40723,10.35389,10.38726,-1.11161,-0.91299,-9.57914,-0.00165,-0.05855,-0.0336
10.39276,10.1,10.35638,10.36944,10.3571,10.48812,-1.4559,-0.16873,-8.94315,0.01326,-0.06609,-0.03438
10.38002,10.0,10.37474,10.3957,10.35053,10.39911,-1.36471,-0.16976,-9.19972,0.0299,-0.05641,-0.03484
10.38765,9.62042,10.38549,10.38796,10.3679,10.40926,-1.40746,-0.4241,-9.24287,0.05774,-0.04476,-0.03585
10.39295,8.59388,10.36991,10.43127,10.37185,10.39878,-1.53132,-0.82559,-9.43893,0.06496,-0.0354,-0.03376
10.42912,6.34894,10.42181,10.4205,10.4064,10.46775,-1.32257,-0.5499,-9.66148,0.07724,-0.02644,-0.02862
10.42325,4.02492,10.391,10.45211,10.38998,10.45993,-1.46804,-1.1065,-10.16345,0.06935,-0.01195,-0.02195
10.47578,2.4685,10.47881,10.50076,10.43566,10.4879,-1.14572,-0.67376,-9.5084,0.06716,-0.00535,-0.01277
10.44171,0.61592,10.4521,10.44167,10.43616,10.4369,-1.02216,-0.46178,-9.56217,0.07414,-0.01916,-0.00763
10.46933,-0.62446,10.49938,10.42739,10.45401,10.49653,-1.24647,-0.14229,-9.32198,0.0805,-0.0421,-0.00085
10.46829,-2.07475,10.47222,10.47684,10.48311,10.44098,-1.50321,-0.74107,-9.55022,0.0831,-0.04795,0.00469
10.50049,-3.2923,10.47959,10.4817,10.50948,10.53121,-2.00751,-0.89786,-9.98172,0.05965,-0.01881,0.00976
10.51198,-3.6,10.51705,10.51468,10.525,10.49119,-1.90012,-1.26625,-10.0608,0.04326,0.02433,0.01353
10.50203,-3.6,10.526,10.48291,10.50613,10.49309,-2.15008,-1.25002,-9.93511,-0.00043,0.04423,0.01855
10.44074,-3.80504,10.47779,10.44475,10.44135,10.39908,-1.82341,-0.55121,-10.61853,-0.00614,0.03409,0.02233
10.38017,-4.3,10.34455,10.34744,10.42853,10.40016,-2.29836,-1.61252,-9.546,-0.02993,0.00794,0.02173
10.297,-4.3,10.31942,10.2768,10.3147,10.2771,-2.41182,-0.25416,-10.43967,-0.02703,-0.00742,0.02498
10.24761,-4.5,10.29166,10.15978,10.27379,10.26521,-2.30346,-0.7978,-9.33119,-0.01884,-0.01484,0.02461
10.12809,-4.4,10.1137,10.13541,10.12434,10.1389,-2.11606,-0.1703,-9.0736,-0.01572,-0.0186,0.0254
10.03204,-4.51423,10.01312,10.02948,10.08422,10.00135,-2.39511,-0.33408,-10.06315,-0.00363,-0.01734,0.02244
9.98654,-4.6,9.98029,9.9258,10.07536,9.96469,-3.13012,-1.04242,-9.62726,-0.01057,-0.00157,0.02417
9.86999,-4.61329,9.88855,9.88721,9.88333,9.82088,-1.98931,-1.2682,-9.80077,-0.00624,0.00079,0.02296
9.77512,-4.7,9.79801,9.77863,9.7772,9.74665,-2.04973,-0.61229,-9.78163,-0.01487,-0.01284,0.02301
9.69409,-4.4,9.72409,9.66553,9.70515,9.68158,-1.96822,0.00081,-9.33752,0.0016,-0.02778,0.0231
9.6297,-4.0075,9.64645,9.59496,9.65543,9.62197,-2.68644,-0.9405,-9.86762,-0.00916,-0.02288,0.02107
9.53138,-3.8,9.55911,9.53191,9.53966,9.49483,-2.30186,-0.59883,-9.93529,-0.00106,-0.00701,0.02109
9.48023,-3.8,9.48127,9.4581,9.50461,9.47695,-2.60693,-0.75937,-9.41313,-0.01152,0.01225,0.01892
9.37776,-3.8,9.41104,9.38008,9.37676,9.34316,-2.24314,-0.471,-10.04301,-0.01437,0.01559,0.01963
9.3041,-3.8,9.29949,9.27247,9.34949,9.29495,-2.19664,-0.75231,-9.62774,-0.00984,0.00432,0.01853
9.2275,-3.58924,9.24933,9.21683,9.22407,9.21978,-2.35304,-0.17799,-9.60493,-0.00667,-0.00985,0.0188
9.14988,-3.22696,9.13896,9.15262,9.15941,9.14853,-2.38626,-0.62513,-9.74645,-0.00477,-0.01784,0.01894
9.08442,-2.99656,9.10071,9.05852,9.1201,9.05833,-2.60366,-0.67747,-9.56198,0.0044,-0.01131,0.01624
8.98806,-2.56482,8.98805,8.98496,9.00234,8.9769,-2.43002,-0.61297,-9.48548,0.01849,-0.00756,0.01367
8.92918,-2.2,8.94959,8.90556,8.95305,8.90854,-2.36103,-0.71768,-9.53745,0.01686,-0.00512,0.01296
8.8442,-2.1,8.86392,8.83678,8.83911,8.83697,-2.44969,-0.75131,-9.87001,0.01617,-0.00558,0.01292
8.78021,-2.1,8.76852,8.79028,8.7929,8.76913,-2.53559,-0.6794,-9.66137,0.00782,-0.0003,0.01242
8.72655,-2.1,8.73927,8.71101,8.72787,8.72802,-2.40723,-0.57489,-9.72942,0.01001,0.00755,0.01135
8.64068,-1.8,8.65099,8.63702,8.65456,8.62015,-2.59466,-0.90234,-9.90278,0.00383,0.01142,0.01127
8.56291,-1.6,8.56437,8.53908,8.57941,8.56878,-2.49515,-0.52465,-9.87311,0.00717,0.01198,0.01215
8.47927,-1.11338,8.4747,8.4723,8.49365,8.47643,-2.49093,-0.78743,-10.09601,0.00933,0.01371,0.01071
8.37853,-0.6,8.35866,8.37031,8.40523,8.3799,-2.91615,-0.56554,-9.72868,0.00465,0.01275,0.00846
8.28568,-0.4,8.30053,8.25541,8.27868,8.30811,-2.69988,-0.64996,-9.72597,0.00527,0.00687,0.00773
8.15303,0.0912,8.15227,8.16068,8.15197,8.14718,-2.62786,-0.85595,-9.90488,0.00148,0.00124,0.00735
8.02815,0.3,8.03008,8.00244,8.04505,8.03503,-2.72723,-0.99721,-9.68459,0.00087,-0.00534,0.00677
7.90956,0.76279,7.91469,7.8922,7.89934,7.93201,-2.61637,-0.42751,-9.7828,7e-05,-0.00872,0.00653
7.80578,1.1,7.78642,7.81457,7.8216,7.80053,-2.50727,-1.06042,-9.8002,-0.00831,-0.00454,0.00608
7.717,1.3,7.70788,7.72364,7.73442,7.70206,-2.70931,-0.7286,-9.55502,-0.00351,-0.00213,0.00394
7.58469,1.71167,7.58669,7.575,7.58519,7.59188,-2.42336,-0.72444,-9.85781,-0.00321,0.00177,0.00272
7.43726,2.79051,7.36677,7.3949,7.49647,7.49092,-4.71155,-0.67475,-11.22845,-0.00058,0.04135,0.00085
7.51532,3.8,7.59089,7.57728,7.44783,7.44528,-2.60732,-1.09261,-12.16309,0.01586,0.12531,-0.00329
7.49964,3.91337,7.50143,7.51468,7.48532,7.49714,-0.95973,-0.18231,-9.38453,0.01636,0.16743,-0.00681
7.42511,4.2,7.34382,7.42989,7.47879,7.44793,0.6819,-1.29245,-7.01161,-0.00461,0.07875,-0.00398
7.33643,4.6,7.32193,7.29117,7.30556,7.42706,1.53661,-0.32388,-7.73243,-0.00348,-0.15013,0.0025
7.27137,4.5,7.30062,7.15523,7.35278,7.27685,0.73753,-1.1407,-7.34281,-0.00703,-0.35212,-0.00215
7.3679,4.7,7.2296,7.25502,7.49648,7.49049,-3.00957,-1.00287,-10.4606,-0.01942,-0.31412,-0.00559
7.51329,4.8,7.54076,7.54596,7.47103,7.49541,-4.48397,-1.40672,-12.76348,-0.01508,-0.01409,-0.00751
7.73884,4.5938,7.75569,7.7958,7.70068,7.70319,-2.78275,-0.83495,-10.83895,0.00402,0.27198,-0.01375
7.63978,4.5,7.85045,7.91776,7.39162,7.39929,0.63172,-0.91807,-9.98445,0.0026,0.32021,-0.00853
7.72705,3.82414,7.73916,7.72431,7.65209,7.79264,1.15863,-0.41386,-9.22813,0.00017,0.1079,-0.00403
7.70065,2.6,7.62466,7.66397,7.76771,7.74627,-0.06959,-0.67753,-9.57659,-0.00924,-0.09597,-0.00142
7.72195,2.5,7.66049,7.6485,7.78461,7.79422,-1.58198,-0.69572,-9.81475,-0.01096,-0.13573,0.00245
7.75199,2.53914,7.7609,7.72821,7.74134,7.77751,-1.78293,-0.63027,-9.70748,-0.0061,-0.06076,-0.00105
7.77827,2.3,7.78186,7.81731,7.76421,7.74968,-1.80875,-1.04668,-10.03753,-0.00105,0.01375,-0.00439
7.7771,2.1,7.78375,7.78692,7.77819,7.75953,-1.46339,-0.8753,-9.732,0.00509,0.03421,-0.00053
7.76664,2.0,7.77215,7.76943,7.76387,7.76111,-1.64663,-0.86578,-10.11626,0.00358,0.0117,-0.00304
7.74252,1.9,7.73056,7.74413,7.73704,7.75833,-1.5232,-0.77444,-9.93146,-0.01028,-0.00827,0.00171
7.70689,1.4,7.69083,7.68626,7.71111,7.73937,-1.97988,-0.57769,-9.45524,-0.01158,-0.01309,0.0023
7.65236,1.4,7.64774,7.64473,7.66667,7.65029,-2.04785,-0.75495,-9.91694,0.00116,-0.00372,-0.00245
7.62939,1.22811,7.61051,7.65308,7.64812,7.60585,-2.07485,-0.72971,-9.96539,0.00125,0.00631,-0.0004
7.61433,1.095,7.64819,7.60912,7.59952,7.60048,-1.92355,-0.94972,-9.82329,0.00068,0.00803,0.00031
7.5535,0.9,7.53344,7.56946,7.54722,7.56386,-2.23043,-1.00499,-9.86618,0.00906,0.00654,0.0013
7.5465,0.8,7.52511,7.57759,7.54722,7.53608,-1.8915,-0.68181,-9.85358,0.00876,0.00489,0.00165
7.50951,0.6,7.50813,7.47991,7.51967,7.53035,-1.91124,-1.11266,-9.52658,-0.00068,-0.00309,0.00273
7.45754,0.4,7.4721,7.47588,7.42942,7.45278,-2.14591,-0.76683,-10.19739,0.00154,-0.00381,0.00296
7.42494,0.1,7.41138,7.42108,7.43074,7.43656,-1.64094,-0.47535,-9.60077,0.00164,-0.00455,0.0015
7.41531,0.0,7.42734,7.40272,7.41295,7.41823,-2.02587,-0.69745,-9.66669,0.0084,-0.00198,0.0026
7.35922,-0.1,7.36568,7.36944,7.34595,7.35582,-1.73247,-0.72805,-9.55263,0.003,-0.00107,0.00615
7.32632,-0.53595,7.31542,7.30999,7.34959,7.33026,-2.18264,-0.62218,-9.66215,0.00679,-0.0113,0.00625
7.29657,-0.9,7.28654,7.30176,7.28931,7.30867,-2.11592,-0.5566,-9.82706,0.00892,-0.01328,0.00563
7.25825,-0.90632,7.27613,7.25482,7.25376,7.24828,-1.95501,-0.5806,-9.51476,0.01243,-0.0159,0.00609
7.1823,-1.2,7.17251,7.15986,7.20814,7.18869,-2.39296,-0.85216,-9.89504,0.01389,-0.01391,0.00579
7.14028,-1.41074,7.13952,7.14447,7.11966,7.15749,-2.50429,-0.5749,-9.7233,0.0106,-0.00191,0.00639
7.06154,-2.28109,7.07031,7.04883,7.07184,7.05517,-2.41209,-0.79772,-9.74995,0.0116,0.00112,0.00872
7.00202,-3.187,6.99066,6.99685,7.01307,7.00752,-2.39627,-0.82677,-9.54092,0.01256,0.00418,0.00899
6.92944,-5.34103,6.9438,6.93514,6.92119,6.91764,-2.05961,-0.8833,-9.73293,0.01157,-0.00502,0.01226
6.86528,-6.87006,6.88319,6.85564,6.86114,6.86116,-2.47963,-0.50422,-9.99674,0.00613,-0.00959,0.02007
6.80553,-7.89854,6.81944,6.82473,6.81676,6.76119,-2.17793,-0.7854,-9.70866,0.00793,-0.00544,0.02235
6.74126,-8.39967,6.77274,6.69282,6.75032,6.74916,-2.47254,-0.40849,-9.53394,0.00409,-0.00213,0.02299
6.65787,-9.2,6.68657,6.64707,6.68079,6.61705,-2.58246,-1.07781,-9.70035,0.02022,0.00021,0.02383
6.59657,-10.06642,6.6,6.59225,6.60638,6.58764,-2.40157,-0.61728,-10.12756,-6e-05,0.00824,0.02628
6.54714,-13.01449,6.56781,6.50427,6.57418,6.54231,-2.41902,-0.99406,-9.84325,-0.00768,0.014,0.02965
6.45556,-14.80733,6.45572,6.41062,6.48138,6.47451,-2.53029,-0.05087,-9.54174,0.00172,0.00937,0.03708
6.3782,-15.56759,6.43185,6.34631,6.41865,6.31598,-2.22259,-0.59825,-9.53538,0.01066,0.01167,0.03917
6.29849,-16.60598,6.35069,6.25231,6.34213,6.24884,-2.30774,-0.44707,-9.98649,0.02133,0.00547,0.0413
6.21391,-18.48044,6.24993,6.18543,6.24045,6.17981,-2.24975,-0.78047,-9.89734,0.00469,-0.0025,0.04489
6.11851,-20.8699,6.15229,6.07196,6.14444,6.10536,-2.39579,-0.14425,-9.44474,0.01367,-0.0083,0.04933
6.04285,-22.30138,6.06436,5.9948,6.10716,6.00508,-2.71725,-0.62144,-9.57015,0.01473,0.0054,0.04957
5.95514,-23.19834,6.03136,5.91685,5.96219,5.91017,-2.60958,-0.70775,-10.18336,0.00622,0.02882,0.0535
5.85313,-24.1993,5.88398,5.83916,5.89463,5.79475,-2.31816,-0.81681,-9.84372,0.00923,0.036,0.05428
5.7791,-24.6,5.80561,5.76099,5.80547,5.74433,-2.49767,-0.5439,-10.05681,-0.03019,0.03754,0.06104
5.67718,-24.69841,5.69191,5.63909,5.73882,5.63891,-2.5113,-0.63967,-9.61022,-0.00067,0.05074,0.05544
5.57329,-24.69908,5.61323,5.56246,5.5725,5.54498,-2.63494,-0.39529,-9.86595,-0.03356,0.06507,0.05546
5.43914,-24.4,5.48775,5.39588,5.4958,5.37713,-1.6707,0.85781,-8.92114,0.05058,0.04445,0.05608
5.32636,-23.70306,5.34811,5.30349,5.37276,5.28109,-2.56207,-1.04906,-9.49459,-0.01563,0.02544,0.05121
5.20599,-24.09851,5.22317,5.15639,5.25092,5.1935,-2.67655,-1.30201,-10.45049,-0.0439,0.0416,0.05628
5.09247,-24.3,5.13339,5.03073,5.12514,5.08064,-2.50209,-0.96632,-9.94097,-0.07663,0.05764,0.05548
4.95069,-23.40197,4.97349,4.91765,4.9654,4.9462,-2.17248,0.04185,-9.68757,-0.08618,0.04433,0.05321
4.86679,-22.95786,4.87456,4.8074,4.88611,4.89909,-2.10587,1.3775,-9.43811,0.00036,0.03391,0.04054
4.69236,-20.94399,4.71305,4.6925,4.77234,4.59153,-1.57615,-0.82264,-9.99539,0.03293,0.03104,0.03189
4.59368,-20.06734,4.61806,4.59055,4.67223,4.4939,-2.06066,-2.24187,-10.02486,0.00689,-0.01715,0.04773
4.46675,-19.7,4.45474,4.4317,4.50573,4.47484,-2.11963,-0.95272,-9.72004,-0.06469,-0.06009,0.05102
4.35702,-19.8,4.39524,4.29083,4.40851,4.33351,-2.30029,-0.26904,-9.94675,-0.05638,-0.07686,0.03501
4.31114,-17.20793,4.34433,4.26978,4.33322,4.29722,-2.7844,0.1149,-10.33152,-0.06795,-0.04458,0.03922
4.27263,-13.52971,4.27701,4.26552,4.27768,4.27031,-2.00484,0.2695,-10.03092,-0.00159,0.006,0.03104
4.21385,-12.8602,4.24205,4.21111,4.17739,4.22483,-1.67037,0.15277,-9.35182,-0.00273,0.01811,0.01352
4.17059,-11.88833,4.19667,4.18806,4.21514,4.0825,-1.4919,-0.98481,-9.69993,0.00138,0.01281,0.02002
4.15282,-10.65294,4.16194,4.15893,4.16076,4.12967,-1.91187,-1.35925,-10.11707,-0.04677,0.02588,0.03552
4.1316,-9.29108,4.1436,4.09807,4.12667,4.15805,-1.38136,0.45916,-9.28207,-0.02378,0.03189,0.02028
4.08132,-7.50511,4.09472,4.09213,4.07732,4.06111,-0.87678,0.07308,-9.63268,-0.01863,-0.00334,0.00376
4.06654,-5.0267,4.10228,4.06637,4.07788,4.01964,-0.81384,-0.32568,-9.83056,0.00502,-0.05288,0.01678
4.07008,-3.25886,4.07647,4.0483,4.08333,4.07222,-1.29681,-0.15252,-9.90669,-0.00227,-0.06803,0.01313
4.07911,-0.95557,4.07825,4.07778,4.08819,4.07222,-1.56786,-0.50987,-9.85606,-0.0009,-0.04645,-0.00011
4.07757,1.40859,4.08152,4.08146,4.07991,4.06737,-1.72061,-0.26759,-10.24505,-0.01131,-0.0219,0.00253
4.07216,3.83,4.04717,4.06357,4.0696,4.10828,-1.70029,-0.41104,-9.53938,-0.04619,-0.02051,0.00651
4.00906,7.32322,4.02113,3.95014,4.03925,4.02573,-2.22481,-0.01272,-9.66065,-0.00409,-0.01791,-0.00915
3.98593,11.04908,3.98884,3.99095,3.9655,3.99843,-2.58565,-0.06038,-10.03179,-0.00686,0.01445,-0.01629
3.94232,12.4,3.93611,3.95629,3.92836,3.94853,-2.31856,-0.34314,-9.99151,0.02943,0.05128,-0.01646
3.87599,12.3,3.85634,3.90595,3.86389,3.87778,-1.67005,-0.56641,-9.29458,0.02191,0.04417,-0.01915
3.80518,11.52078,3.78477,3.83502,3.78115,3.81979,-1.59058,-0.42582,-9.47276,-0.00108,0.00348,-0.01384
3.71637,8.55906,3.70529,3.73889,3.73942,3.68188,-1.73801,-0.65564,-9.7998,-0.00345,-0.0301,-0.01018
3.68337,8.21514,3.67238,3.65286,3.7009,3.70735,-2.07778,-0.15676,-9.75505,-0.0243,-0.03345,-0.00616
3.61883,8.1,3.63526,3.64459,3.61026,3.58522,-2.13592,-0.30804,-10.05961,0.00214,-0.00426,-0.01191
3.54838,7.7866,3.52098,3.58395,3.53086,3.55771,-2.05275,-0.10939,-9.94861,-0.00106,-0.00571,-0.01469
3.47404,6.92531,3.4595,3.48333,3.46416,3.48916,-2.13074,-0.43528,-9.91767,0.01161,-0.03069,-0.00775
3.41179,6.7,3.36385,3.39608,3.44053,3.44669,-2.30919,-0.53323,-9.64948,-0.00505,-0.04159,-0.00751
3.33128,6.78295,3.31903,3.32459,3.34455,3.33693,-2.55134,-0.45898,-9.46987,-0.00751,-0.0112,-0.00731
3.25153,6.7,3.25833,3.26071,3.22658,3.26051,-2.45546,-0.31275,-9.68473,-0.00789,0.01484,-0.00814
3.17291,6.67915,3.18861,3.18222,3.14083,3.18,-2.28164,-0.02975,-9.83182,0.00663,0.02028,-0.01124
3.08176,6.7794,3.07121,3.09824,3.06995,3.08764,-2.37101,-0.22326,-10.00899,0.01635,0.0098,-0.00969
2.97781,7.1,2.97807,2.97367,2.97587,2.98362,-2.52251,-0.64853,-9.90893,0.00846,-0.00615,-0.0044
2.87488,7.63953,2.85833,2.87392,2.87648,2.8908,-2.53596,-0.6634,-9.74031,-0.01111,-0.01001,-0.00367
2.77569,9.07318,2.76296,2.78518,2.76944,2.78518,-2.55505,-0.4592,-9.94028,-0.01381,-0.00148,-0.00854
2.66687,11.62128,2.64403,2.66896,2.6718,2.68271,-2.8273,-0.24683,-9.78161,-0.01118,0.00698,-0.01072
2.5355,14.3835,2.51705,2.53054,2.53927,2.55514,-2.92728,-0.24083,-9.80419,-0.00581,0.00147,-0.00921
2.38288,15.76778,2.36549,2.38149,2.3836,2.40093,-3.22524,-0.44301,-9.75313,-0.00705,-0.00598,-0.01306
2.21663,15.5,2.21865,2.22166,2.19666,2.22954,-3.27051,-0.24474,-9.79404,-0.00374,-0.00193,-0.0147
2.06675,15.4,2.05288,2.08339,2.0584,2.0723,-3.24527,-0.18465,-9.78631,-0.00202,0.00702,-0.01086
1.91988,15.3,1.92468,1.92759,1.9053,1.92197,-2.97121,-0.20915,-9.71393,0.00539,0.00949,-0.00957
1.75653,15.1,1.75219,1.75858,1.75315,1.7622,-2.97193,-0.33716,-9.68455,0.00253,0.00338,-0.00941
1.60629,14.49486,1.60697,1.61436,1.59728,1.60656,-2.994,-0.34009,-9.71673,-0.00113,-0.00179,-0.00646
1.459,14.1,1.45553,1.46663,1.45554,1.45832,-2.93872,-0.34683,-9.80959,-0.00415,0.00153,-0.0057
1.3077,13.8,1.29941,1.31162,1.30517,1.3146,-2.92468,-0.19282,-9.83096,-0.00453,0.00317,-0.00685
1.16909,13.4,1.16145,1.17656,1.1618,1.17656,-2.93919,-0.14639,-9.72106,-0.00043,0.00219,-0.00619
1.02113,13.3,1.01691,1.0198,1.02521,1.02261,-2.96289,-0.26321,-9.74057,0.0006,0.00163,-0.00235
0.88962,13.39864,0.8917,0.89172,0.89168,0.88337,-2.90533,-0.32407,-9.73229,-0.00062,0.00306,-0.00246
0.75143,13.3,0.76204,0.75006,0.7454,0.74821,-2.75419,-0.31409,-9.83182,-0.00169,0.00361,-0.00389
0.6401,13.1,0.65318,0.65438,0.62265,0.63021,-2.47783,-0.21542,-9.82796,-0.00397,0.00393,-0.0033
0.55299,12.9,0.54961,0.56389,0.54845,0.55,-2.13686,-0.25487,-9.79494,-0.00327,0.0063,-0.00083
0.48453,12.8,0.49034,0.49034,0.47257,0.48489,-1.93035,-0.26377,-9.76902,-0.00201,0.00773,-0.00136
0.43214,12.8,0.43147,0.437,0.42491,0.4352,-1.88067,-0.22413,-9.73376,-0.0009,0.00437,-0.0019
0.38403,12.8,0.37778,0.38889,0.38333,0.38611,-1.9339,-0.28362,-9.80197,-0.00058,0.00019,-0.00116
0.33471,12.8,0.3449,0.3303,0.33308,0.33056,-1.94117,-0.20374,-9.87486,-0.00068,0.0001,-0.00011
0.29337,12.8,0.28746,0.29579,0.29579,0.29444,-1.86518,-0.25759,-9.75905,-0.0009,0.00182,-0.0012
0.25349,12.8,0.25,0.25578,0.25541,0.25278,-1.72251,-0.21909,-9.87051,-0.00053,0.0021,-0.00104
0.22909,12.7,0.22901,0.23488,0.22624,0.22624,-1.53378,-0.2358,-9.85324,7e-05,0.00498,-0.00031
0.21365,12.60017,0.2185,0.22676,0.20196,0.20739,-1.2668,-0.26363,-9.81993,0.00028,0.00598,-0.00047
0.21875,12.5,0.21946,0.23333,0.21944,0.20279,-1.09698,-0.27969,-9.8745,2e-05,0.00636,-0.00115
0.24943,12.3,0.25934,0.25556,0.23629,0.24651,-1.01547,-0.27171,-9.83933,-0.00049,0.00524,-0.00085
0.29028,12.00957,0.29444,0.30557,0.27778,0.28333,-0.694,-0.27777,-9.92756,-0.00011,0.00587,-0.00113
0.38357,11.7,0.39595,0.38889,0.37674,0.3727,-0.49644,-0.26887,-9.92382,-0.00048,0.00951,-0.00071
0.47847,11.2,0.4803,0.47778,0.47652,0.4793,-0.40509,-0.26918,-9.84648,0.0,0.00833,-0.00095
0.57636,10.8,0.57774,0.58919,0.56633,0.57219,-0.37748,-0.3046,-9.88749,-0.00067,0.00304,-0.0026
0.67255,10.6,0.6686,0.67874,0.66461,0.67826,-0.43316,-0.27649,-9.90381,0.00039,0.00058,-0.00253
0.78044,10.6,0.78142,0.78279,0.77587,0.78169,-0.4967,-0.32722,-9.919,-0.0,0.00167,-0.00282
0.86949,10.59752,0.86673,0.87502,0.86672,0.8695,-0.49046,-0.35063,-9.94432,-0.00223,0.00215,-0.00226
0.96001,10.4,0.95475,0.96547,0.95674,0.96309,-0.52586,-0.32482,-9.93157,-0.00483,0.00027,-0.00233
1.04932,10.2,1.04612,1.05169,1.04557,1.05391,-0.58255,-0.28446,-9.94127,-0.00261,-0.00016,-0.00442
1.13756,10.2,1.12784,1.1445,1.13617,1.14172,-0.59623,-0.24434,-9.94523,0.00091,0.00417,-0.0061
1.22542,10.2,1.22477,1.23781,1.22029,1.21879,-0.47698,-0.31378,-9.92765,0.0022,0.00377,-0.00385
1.317,10.2,1.31943,1.32359,1.31249,1.31249,-0.3031,-0.40648,-9.94285,-0.00143,0.00328,-0.00376
1.4485,9.99999,1.44994,1.47209,1.4304,1.44157,0.00711,-0.41713,-9.94071,-0.00828,0.00624,-0.00387
1.59986,9.5,1.61096,1.61379,1.58038,1.59431,0.27506,-0.24628,-9.97041,-0.00398,0.01247,-0.00629
1.77988,9.3,1.79202,1.79471,1.76298,1.7698,0.44117,-0.18588,-10.02831,-0.00078,0.01701,-0.00672
1.9594,9.3,1.96141,1.9717,1.94948,1.95503,0.43443,-0.31556,-10.04872,0.00326,0.01224,-0.00502
2.13448,9.3,2.12984,2.15337,2.12429,2.13043,0.45396,-0.40752,-9.9637,0.00059,0.00283,-0.00734
2.29751,9.3,2.28917,2.30039,2.28917,2.31132,0.34394,-0.35224,-9.89004,-0.00122,-0.00227,-0.00929
2.48202,9.3,2.48964,2.48781,2.47026,2.48036,0.31027,-0.3446,-9.96767,-0.00469,0.0004,-0.00747
2.6534,9.3,2.65549,2.66104,2.63882,2.65824,0.35421,-0.18371,-10.04316,-0.00223,0.00644,-0.00728
2.83211,9.3,2.84384,2.85201,2.79967,2.8329,0.49543,-0.28627,-10.00769,0.00422,0.0066,-0.01017
2.99601,9.2,2.98022,3.00723,2.99582,3.00076,0.59218,-0.49255,-9.91513,-0.00551,0.00202,-0.00905
3.21242,8.96828,3.21511,3.22813,3.19809,3.20834,0.61348,-0.2024,-10.07724,-0.00328,0.00425,-0.00681
3.4223,8.36246,3.41708,3.43693,3.41996,3.41522,0.72544,-0.39664,-9.94806,-0.00248,0.01181,-0.00985
3.62778,8.4,3.64184,3.64583,3.60382,3.61962,0.82183,-0.25133,-9.96613,-0.00295,0.01653,-0.01007
3.83668,8.57448,3.84988,3.84782,3.81552,3.83351,0.9743,-0.38662,-10.05097,-0.00405,0.01024,-0.00814
4.04809,10.41187,4.05938,4.05477,4.01866,4.05954,0.84967,-0.18247,-10.03313,0.0046,0.00701,-0.01238
4.24544,14.55331,4.2519,4.27181,4.21646,4.24156,0.83029,-0.36721,-9.83726,0.00514,0.00403,-0.01754
4.45908,19.40286,4.44786,4.47831,4.45652,4.45363,0.68958,-0.76921,-9.98044,0.00297,0.00355,-0.02277
4.67379,21.8,4.66216,4.70467,4.63543,4.69292,0.60975,-0.36241,-10.09317,-0.00239,0.01423,-0.0333
4.86525,21.35274,4.8547,4.88967,4.82692,4.88971,0.62558,-0.58372,-9.93358,0.00483,0.01357,-0.04133
5.04484,20.4987,5.01706,5.08929,5.00159,5.07143,0.5651,-0.36012,-10.07616,-0.0005,0.0112,-0.03714
5.23096,19.47752,5.21209,5.26404,5.19466,5.25307,0.54508,-0.47074,-9.92025,0.00366,0.01724,-0.03393
5.41051,18.99798,5.38622,5.46667,5.37239,5.41676,0.49145,-0.37313,-9.85053,0.00938,0.02013,-0.03577
5.56426,18.33441,5.56334,5.60552,5.51349,5.57471,0.68832,-0.35327,-10.09462,0.01337,0.00998,-0.03648
5.72344,17.8,5.69598,5.76814,5.6865,5.74314,0.34012,-0.60378,-10.05088,0.02057,-0.00273,-0.03696
5.86277,17.8,5.82686,5.88895,5.84356,5.8917,-0.08958,-0.71957,-10.20649,0.00667,-0.0006,-0.03542
6.01476,17.6948,5.97902,6.0313,6.00327,6.04544,0.07654,-0.6016,-10.01339,0.01065,0.00905,-0.03548
6.1764,16.63848,6.18055,6.19724,6.12502,6.20279,0.45609,-0.35799,-9.8709,0.01416,0.02545,-0.03827
6.33272,14.09929,6.30686,6.37129,6.31106,6.34167,0.394,-0.70148,-9.82459,0.02376,0.03101,-0.03728
6.48944,11.5001,6.48028,6.52776,6.46092,6.48879,0.55249,-0.48809,-9.95099,0.01283,0.01983,-0.02763
6.61381,8.97138,6.6084,6.6249,6.59163,6.63032,0.54823,-0.865,-9.95808,0.01262,-0.01144,-0.02083
6.74492,6.99974,6.7111,6.75742,6.73613,6.77502,0.21454,-0.27374,-9.86486,0.01208,-0.03448,-0.01907
6.88176,5.52872,6.86159,6.89282,6.88717,6.88544,0.216,-0.60189,-9.58523,0.01792,-0.036,-0.01489
7.00114,4.46434,7.00737,6.97792,6.99852,7.02074,0.02123,-0.36071,-9.76443,0.01252,-0.03162,-0.0096
7.12526,2.93187,7.12704,7.13947,7.10601,7.12851,0.15251,-0.53681,-9.8445,0.0269,-0.03218,-0.00951
7.22066,2.1,7.20956,7.2276,7.21511,7.23038,-0.36854,-0.32231,-9.9655,0.0197,-0.03494,-0.0068
7.32065,1.8,7.31064,7.29718,7.34147,7.33329,-0.91119,-0.73813,-9.8983,0.01994,-0.02829,-0.00458
7.38968,1.8,7.37226,7.38993,7.38437,7.41215,-0.95613,-0.8503,-9.88065,0.0071,-0.01291,-0.00443
7.44585,1.79975,7.44439,7.45699,7.43058,7.45144,-0.80037,-0.8566,-9.87028,-0.01102,0.00149,-0.00343
7.50616,1.8,7.51773,7.54273,7.46437,7.49981,-1.39008,-0.8566,-10.11828,-0.02275,0.01415,-0.00272
7.52412,1.8,7.49947,7.53344,7.52171,7.54187,-0.96556,-0.61768,-9.73343,-0.01813,0.01006,-0.00376
7.55267,1.9,7.53525,7.55854,7.56475,7.55213,-0.9336,-0.11316,-9.47416,-0.00167,-0.01034,-0.00338
7.58536,1.9,7.60195,7.60072,7.59711,7.54167,-1.16663,-0.08895,-10.13682,0.02351,-0.01948,-0.00198
7.60486,2.16445,7.60095,7.57413,7.64427,7.60009,-0.99911,-0.45294,-10.01202,0.0357,-0.03097,-0.00415
7.65006,4.13635,7.61138,7.67211,7.6501,7.66665,-0.47754,-0.82679,-8.64055,0.02353,-0.04169,-0.00212
7.72162,8.39802,7.7486,7.7822,7.66803,7.68764,-0.66303,0.1163,-9.37166,0.02521,-0.03056,-0.01117
7.75121,13.18634,7.81419,7.71014,7.75205,7.72844,-2.23651,-0.7991,-11.10786,0.04065,0.01526,-0.03093
7.84376,16.45979,7.75378,7.8479,7.85435,7.91903,-2.4174,-0.67216,-10.58751,0.02475,0.09198,-0.04179
7.88633,21.21183,7.86536,8.09474,7.79693,7.78829,-1.63485,-3.37166,-12.03853,0.01611,0.17338,-0.0447
7.77024,24.93054,7.82346,7.92463,7.61033,7.72253,-0.38062,-1.31107,-11.42308,-0.02286,0.20178,-0.05839
7.88498,26.1,7.81717,7.90851,7.84687,7.96735,-0.03239,-1.89984,-9.89084,-0.02349,0.14348,-0.06565
7.83307,26.7,7.76776,7.90086,7.79775,7.8659,-1.08283,-0.22841,-9.90575,-0.02205,0.08134,-0.07078
7.75286,27.27854,7.68785,7.80139,7.76528,7.75694,-0.67127,-0.94497,-10.00232,-0.00614,0.01441,-0.06513
7.71704,28.97435,7.67621,7.71335,7.7038,7.77482,-1.56588,-1.56418,-10.09225,0.01316,-0.00713,-0.0689
7.65203,32.10382,7.598,7.72476,7.60101,7.68434,-1.32393,-1.32537,-10.41514,0.01502,0.00277,-0.07589
7.64967,34.12294,7.5558,7.72392,7.58648,7.7325,-0.68265,-1.28579,-9.28563,0.01994,0.00541,-0.08522
7.60379,35.4,7.45152,7.75439,7.51884,7.6904,-1.25777,-3.07395,-9.6782,0.00171,0.00446,-0.09224
7.56094,35.33634,7.51002,7.60118,7.4867,7.64585,-1.65475,-1.39223,-11.15403,-0.01304,0.01893,-0.08804
7.5615,34.41171,7.47849,7.61994,7.48623,7.66134,-0.67827,-1.68962,-9.98593,-0.02005,0.0399,-0.0854
7.52867,33.5072,7.44523,7.59893,7.47849,7.59202,-1.08275,-1.21147,-9.31714,-0.01364,0.05404,-0.08703
7.4508,33.06609,7.37813,7.5354,7.29672,7.59295,-0.21952,-0.55144,-9.70851,-0.02874,0.0368,-0.08291
7.39088,31.65771,7.35291,7.33043,7.40835,7.47183,-0.59623,-1.96448,-11.05122,-0.01987,-0.0152,-0.08179
7.35165,30.3945,7.23966,7.45276,7.26242,7.45178,-1.2813,-1.01073,-10.03792,-0.02153,-0.02655,-0.07572
7.29586,30.4,7.2205,7.34156,7.25513,7.36624,-0.85926,-0.82556,-9.23945,-0.00417,-0.00524,-0.07391
7.26461,30.5667,7.20656,7.33826,7.22715,7.28649,-1.09756,-0.92226,-9.92139,-0.00056,0.00661,-0.0753
7.24044,31.0,7.22207,7.2952,7.08266,7.36183,0.34627,-0.36294,-10.18573,0.00956,-0.00494,-0.07557
7.22454,31.31533,7.15092,7.29442,7.17591,7.27691,-0.4405,-1.52925,-9.66093,0.00849,-0.04088,-0.07632
7.21369,32.00647,7.1544,7.26585,7.17384,7.26065,-0.14551,-1.02775,-9.02085,-0.00269,-0.05341,-0.07578
7.22261,32.7,7.17566,7.27824,7.151,7.28555,-0.68266,-1.62618,-9.97687,-0.00185,-0.0551,-0.07768
7.24893,32.7,7.21646,7.32547,7.15032,7.30348,-0.71984,-1.27646,-10.45926,-0.01243,-0.03474,-0.08065
7.29267,32.7,7.22572,7.36842,7.22418,7.35237,-0.28155,-1.52208,-9.58956,-0.00775,-0.00965,-0.08056
7.37096,32.7,7.33071,7.44905,7.31138,7.39271,-0.25381,-1.53966,-9.70483,0.00642,0.00771,-0.08147
7.37917,32.38194,7.36066,7.51264,7.30391,7.33946,0.18968,-1.79441,-10.37906,0.01416,0.00767,-0.08244
7.44221,31.40598,7.38932,7.48421,7.38465,7.51067,0.58179,-1.19723,-9.70854,0.01889,-0.01895,-0.07912
7.5343,31.6,7.49884,7.59217,7.42264,7.62355,-0.27541,-0.86343,-9.67208,0.02061,-0.03537,-0.07705
7.55022,31.3,7.5066,7.64358,7.46042,7.59028,0.01879,-1.37474,-9.76898,0.02867,-0.02186,-0.0798
7.6087,31.3,7.53685,7.66685,7.52639,7.70472,0.09845,-1.3967,-9.52613,0.01826,-0.02348,-0.08003
7.68204,31.3,7.6317,7.76655,7.57663,7.75327,-0.29485,-1.51388,-9.79345,0.00805,-0.0193,-0.08046
7.72683,30.46954,7.66714,7.84282,7.63644,7.76094,0.04447,-1.46024,-9.95993,0.0046,-0.02299,-0.08088
7.79274,27.96474,7.71533,7.86185,7.72664,7.86714,-0.2257,-2.02871,-9.67455,-0.01857,-0.03071,-0.07642
7.88347,25.34207,7.87572,7.96473,7.79022,7.9032,-0.28459,-1.32878,-10.17775,-0.05301,-0.01786,-0.06518
7.94859,22.63116,7.90493,8.02652,7.88719,7.97572,-0.06728,-0.64071,-9.85176,-0.02702,-0.00501,-0.05908
8.02928,21.8433,8.01045,8.07712,7.96799,8.06155,0.1305,-1.42711,-9.2161,-0.03687,-0.00634,-0.05831
8.06002,20.06982,8.05674,8.15159,7.98889,8.04286,0.03619,-0.95569,-10.19974,-0.04638,-0.01268,-0.04981
8.15731,16.45928,8.13243,8.24106,8.05592,8.19982,-0.1633,-0.67248,-10.62554,-0.01279,-0.01855,-0.04622
8.23907,14.79116,8.21027,8.25853,8.2208,8.26667,0.03157,-0.7708,-9.07255,-0.01078,-0.02205,-0.0434
8.24931,12.57328,8.25695,8.26768,8.18572,8.28689,-0.92395,-0.6206,-9.7522,0.00805,-0.02695,-0.03239
8.3341,11.7,8.3231,8.39207,8.30599,8.31523,-0.45925,-1.32343,-10.78684,0.00062,-0.02713,-0.03014
8.40489,11.6,8.40732,8.39322,8.40253,8.41649,-0.35639,-0.76691,-9.66247,-0.00141,-0.02618,-0.03248
8.51951,11.69893,8.47696,8.52843,8.4808,8.59184,-0.36522,-0.87667,-9.04626,0.00634,-0.02298,-0.03015
8.56315,10.7844,8.54983,8.62857,8.4982,8.57603,-0.3533,-0.03166,-9.83455,-0.01156,-0.02336,-0.03025
8.58489,7.65775,8.47763,8.57861,8.56958,8.71375,-1.70529,-0.75684,-11.22387,-0.04811,-0.00289,-0.02403
8.65912,4.76349,8.64995,8.63355,8.69153,8.66144,-0.87329,0.18716,-10.87085,-0.02714,0.05393,-0.01634
8.71136,5.19005,8.70451,8.78599,8.66458,8.69035,-0.31454,-0.47605,-10.56042,-0.00118,0.088,-0.0139
8.6528,6.69036,8.67285,8.70768,8.49217,8.73849,-0.29402,-0.60676,-8.84398,-0.0113,0.04439,-0.01093
8.69668,10.78519,8.67742,8.75993,8.60414,8.74522,0.70287,1.07187,-10.48477,0.01948,-0.04172,-0.01791
8.67949,12.0,8.61594,8.66067,8.72288,8.71848,-0.62352,-1.03392,-8.57484,0.04956,-0.06798,-0.03642
8.70851,12.2,8.60158,8.64874,8.78734,8.79637,-1.91205,-1.45418,-9.89345,0.00695,-0.0341,-0.03505
8.68567,11.8866,8.70852,8.6868,8.60878,8.73856,-1.54892,-1.10784,-9.80228,-0.01764,0.01608,-0.03163
8.74562,11.7,8.65509,8.79706,8.6284,8.90191,-0.16075,-1.01214,-9.46025,-0.02309,0.03882,-0.03462
8.70882,11.10672,8.68379,8.75338,8.66314,8.73498,-0.68466,-0.72083,-9.51024,-0.03171,0.01152,-0.03124
8.61303,10.71329,8.50722,8.63115,8.60381,8.70996,-0.79688,-0.82884,-9.72822,-0.0458,-0.024,-0.02752
8.64512,12.39017,8.62766,8.69168,8.62249,8.63865,-0.42473,-0.57298,-9.73021,-0.03041,-0.04081,-0.02711
8.63539,14.96879,8.64327,8.6566,8.62322,8.61847,-0.80665,-0.42695,-9.79995,-0.00765,-0.01707,-0.03718
8.64318,14.3993,8.60957,8.65221,8.61111,8.69985,-0.99914,-1.0209,-9.12661,0.00704,0.00277,-0.04226
8.63353,11.20084,8.60036,8.74453,8.55573,8.63351,-0.27336,-2.31417,-10.27378,-0.00338,0.00727,-0.03666
8.59732,5.13271,8.56693,8.62543,8.53862,8.65831,-0.75659,-0.1726,-10.22783,-0.0289,0.00931,-0.02521
8.63219,-0.12239,8.5918,8.63014,8.61239,8.69444,-0.76699,-0.69378,-9.69007,-0.03112,0.00982,-0.00986
8.54747,-1.73611,8.60599,8.59079,8.60556,8.38754,-0.92423,-0.56546,-10.20759,-0.03069,0.00891,0.00339
8.55036,-3.29746,8.5517,8.48309,8.55374,8.61292,-1.13396,0.42826,-9.38006,-0.01803,-0.01267,0.00884
8.41743,-4.8,8.37479,8.3935,8.475,8.42645,-1.72707,-0.64561,-9.99278,-0.02007,-0.03353,0.01168
8.34697,-5.0998,8.17459,8.55248,8.33257,8.32825,-2.06615,-3.14831,-10.6292,-0.02936,-0.04345,0.01774
8.22685,-6.28609,8.2322,8.25903,8.20394,8.21223,-0.94007,1.09335,-8.59672,-0.01939,-0.03903,0.01708
8.13158,-7.1,8.11891,8.1183,8.17087,8.11823,-1.78958,0.03249,-9.43851,0.00149,-0.03607,0.01575
8.00518,-8.11178,8.0329,8.00599,8.2373,7.74454,-2.90742,-1.42356,-8.88942,-0.00468,-0.03601,0.02081
7.85291,-9.95257,7.91585,7.92134,7.9376,7.63685,-2.26418,-0.92566,-10.80561,-0.0147,-0.03714,0.02728
7.84254,-10.49746,7.81664,7.85507,7.82242,7.87602,-2.02447,-0.65842,-10.12442,-0.00201,-0.03279,0.02308
7.7382,-12.0945,7.78317,7.73345,7.72228,7.71391,-1.87112,0.13544,-9.59841,-0.0112,-0.01992,0.026
7.61389,-15.00225,7.65609,7.55098,7.65098,7.59749,-1.85056,0.51561,-9.26508,-0.01247,-0.01139,0.0342
7.54655,-16.1,7.55858,7.51915,7.57215,7.53629,-1.92113,0.2619,-9.73356,-0.01187,-0.01467,0.04251
7.43889,-16.1,7.46165,7.33557,7.51801,7.44032,-2.20392,0.68755,-9.44151,-0.00984,-0.01821,0.04699
7.34407,-16.1,7.4088,7.24708,7.39849,7.32189,-2.78318,-0.11783,-9.75236,-0.01048,-0.02244,0.0461
7.27889,-15.7,7.30451,7.29596,7.29392,7.22117,-2.41895,-0.22422,-9.61534,-0.01297,-0.01513,0.04074
7.20154,-15.63078,7.21149,7.14729,7.24186,7.20553,-2.11672,0.45419,-9.77028,0.01476,-0.00758,0.03637
7.17904,-14.70273,7.1033,7.35439,7.1973,7.06119,-2.37883,1.07484,-9.60397,0.06471,0.00155,0.02929
7.11367,-16.3,7.15518,7.04924,7.1636,7.08667,-0.60267,-1.42022,-10.92823,0.04629,0.03392,0.02859
7.13463,-14.9,7.13322,7.05813,7.18332,7.16387,-2.20467,-0.36588,-9.59383,-0.03555,0.05025,0.05036
7.09409,-14.88675,7.13619,7.03996,7.08519,7.11501,-2.35692,-0.03946,-8.68408,-0.0426,0.04105,0.05102
6.98077,-13.8147,7.00531,6.93675,6.98321,6.99782,-0.96762,1.11316,-8.38847,-0.01448,-0.00848,0.03341
6.95259,-10.24496,6.97817,6.96156,6.98858,6.88207,0.34228,0.25272,-9.60594,0.01085,-0.08978,0.02484
6.97626,-8.87291,6.94934,6.96905,7.07594,6.91069,-1.5243,-0.70131,-9.3016,0.01003,-0.10484,0.02047
6.99306,-8.68936,7.00989,6.96677,7.03,6.96557,-2.08878,-0.13406,-9.73801,-0.00085,-0.06793,0.02332
7.04947,-8.5,7.08655,7.01961,7.06566,7.02605,-1.41628,-1.27599,-9.64123,-0.01724,-0.00925,0.02558
7.08448,-8.67245,7.13861,7.05235,7.04663,7.10031,-1.29018,0.50756,-9.85021,-0.02647,0.0273,0.02439
7.09333,-8.8,7.15742,7.06682,7.03904,7.11004,-1.25749,0.87053,-9.69408,0.00818,0.00833,0.02064
7.10131,-8.7,7.14054,7.06533,7.14429,7.0551,-0.56699,0.01747,-10.42671,0.02216,-0.0232,0.01873
7.19194,-8.3,7.21006,7.1679,7.22216,7.16765,-1.24499,-1.33225,-10.25207,-0.01487,-0.02378,0.02118
7.20699,-8.2,7.2038,7.21307,7.20336,7.20772,-0.69636,0.00683,-9.57708,-0.0294,0.00365,0.02348
7.25965,-7.40162,7.31208,7.22,7.27042,7.23608,-1.40229,0.52113,-10.4566,0.001,0.02572,0.01836
7.32233,-4.79862,7.35278,7.35323,7.33797,7.24535,-1.02876,-0.49914,-9.97076,0.01997,0.04024,0.01453
7.32778,-4.27094,7.34027,7.30556,7.33136,7.33393,-0.72282,-0.25899,-9.51099,-0.00239,0.01911,0.01487
7.3596,-4.6,7.36341,7.3323,7.38533,7.35737,-1.00288,-0.13059,-9.80283,-0.00836,-0.01089,0.01164
7.39211,-4.6,7.37919,7.34968,7.37637,7.4632,-0.69873,0.35199,-9.54485,0.00217,-0.01956,0.00683
7.40567,-4.6,7.39046,7.40533,7.44444,7.38244,-0.73067,-0.1527,-9.88797,0.01802,-0.02969,0.00758
7.46278,-4.5,7.44051,7.41524,7.52346,7.47192,-1.76443,-0.24574,-9.89307,0.00961,-0.01476,0.01275
7.51495,-4.4,7.57041,7.48947,7.52661,7.47332,-0.76556,-0.60637,-9.94502,-0.00052,0.0052,0.01322
7.53791,-4.5,7.58851,7.52317,7.50495,7.53503,-1.25288,-0.44591,-10.00432,-0.01852,0.00219,0.01131
7.5823,-4.63008,7.53655,7.63783,7.5734,7.58141,-0.65705,-0.16768,-9.93648,-0.02603,-0.01131,0.01119
7.62721,-3.60156,7.61936,7.58368,7.63863,7.66717,-1.52792,0.37242,-10.58689,-0.00182,-0.00628,0.00827
7.68524,-2.08022,7.68319,7.63433,7.7193,7.70413,-1.07444,-0.04105,-9.97373,0.02046,0.01478,0.00401
7.72508,-1.4,7.69983,7.74252,7.70332,7.75467,-0.3951,-0.70863,-9.65585,0.00703,0.0316,0.00544
7.74436,-1.4,7.80805,7.7263,7.74745,7.69564,-0.82065,0.14402,-10.37883,0.00604,0.02949,0.00429
7.82829,-0.5,7.79158,7.8093,7.84129,7.871,-1.30061,-0.13885,-9.74898,-0.00095,-0.01193,0.00184
7.83386,0.92727,7.83661,7.83768,7.83611,7.82504,-1.17706,-0.40145,-9.66542,-0.00021,-0.00765,0.00145
7.87814,1.6,7.82536,7.91559,7.91075,7.86084,-1.69507,-0.9156,-10.30792,-0.0046,0.00078,-0.0044
7.90621,1.24525,7.85894,7.91785,7.91632,7.93174,-0.84417,-0.72244,-9.23677,-0.02572,0.00485,-0.00495
7.94293,0.9,7.97171,7.93289,7.93505,7.93205,-1.47547,-0.09669,-10.08795,-0.02405,-0.00311,-0.0036
7.97604,0.9,7.94441,8.01389,7.98336,7.96249,-0.68525,-0.13056,-10.08327,-0.02085,-0.00266,-0.00345
8.04382,0.44188,8.02222,8.01663,8.0734,8.06303,-1.21349,-0.4749,-9.73432,-0.02432,9e-05,-0.00168
8.04764,0.2,8.06279,8.02259,8.04996,8.05524,-1.12766,0.06483,-9.87986,-0.02322,0.00726,0.00024
8.07124,-0.1,8.06288,8.06413,8.10138,8.05657,-0.45818,-0.23974,-9.79943,-0.00168,-0.00924,-0.00285
8.10459,-0.1,8.11772,8.11446,8.10392,8.08223,-0.98294,-0.00932,-9.67183,0.01362,-0.0296,-0.00453
8.12318,-0.1,8.14626,8.0929,8.14961,8.10393,-1.05635,-0.94536,-10.6547,0.01947,-0.03059,-0.0033
8.20868,-0.1,8.18996,8.22725,8.19884,8.21868,-0.71528,-1.18692,-10.00914,-0.00769,-0.00303,-0.00069
8.22909,-0.1441,8.25117,8.24554,8.19496,8.22471,-0.80326,0.32331,-9.59522,-0.02222,0.02908,-0.00135
8.26867,-0.4,8.23974,8.27787,8.26714,8.28992,-1.11207,0.59146,-9.53416,-0.01717,0.03053,-0.00249
8.2851,-0.55434,8.32138,8.31564,8.29989,8.20347,-0.87821,0.06463,-10.02828,-0.01727,-0.00097,-0.00084
8.30372,-0.92985,8.2976,8.31878,8.29257,8.30594,-1.14274,-0.46121,-10.21531,-0.01434,-0.02844,0.00194
8.37606,-1.5,8.30806,8.42277,8.38988,8.38351,-1.70693,-0.17251,-9.87504,-0.01286,-0.01979,0.00194
8.40772,-1.6,8.44319,8.40562,8.39453,8.38754,-1.04518,0.28976,-9.98158,-0.00326,0.00364,0.00145
8.4327,-1.9,8.50247,8.42989,8.43005,8.36839,-0.85664,-0.13648,-9.5167,0.00044,0.00669,0.00089
8.46331,-2.2287,8.4908,8.48393,8.47079,8.40771,-0.46492,-0.25952,-10.37584,-0.00333,0.00178,0.00343
8.50904,-2.3,8.52053,8.48331,8.49024,8.54209,-0.99472,0.64397,-10.23344,0.00732,-0.00514,0.00264
8.54014,-2.3,8.55018,8.59184,8.46371,8.55485,-1.14158,0.21737,-9.99719,0.00604,0.00388,0.00346
8.61176,-2.3,8.63637,8.62049,8.61742,8.57275,-1.09509,-0.20102,-10.22795,-0.00142,0.01258,0.00487
8.64662,-2.3,8.62354,8.65163,8.63024,8.68106,-0.93706,0.32033,-9.79845,0.00572,0.00773,0.00301
8.69296,-2.3,8.72665,8.69814,8.68038,8.66667,-0.88548,0.31728,-9.6123,0.01254,-0.00375,0.00247
8.70158,-2.3,8.71571,8.69046,8.72416,8.67599,-1.56352,-0.02115,-10.35746,0.01035,-0.00397,0.00373
8.76449,-2.4,8.72671,8.7707,8.76366,8.79688,-1.31328,-0.53449,-9.43435,-0.01254,0.00421,0.00504
8.81406,-2.4,8.82013,8.81799,8.78068,8.83744,-1.00952,-0.07081,-9.8535,-0.01377,0.00869,0.00355
8.82022,-2.4,8.81315,8.82872,8.77332,8.86567,-1.20161,0.13385,-9.59604,-0.00552,-8e-05,0.00161
8.86077,-2.4,8.86194,8.87079,8.85204,8.85833,-0.87339,-0.35153,-9.92361,-0.00747,-0.01051,0.00483
8.89269,-2.4,8.87553,8.88718,8.93114,8.87691,-1.28485,-0.44944,-10.07582,-0.01502,-0.00343,0.00682
8.96164,-2.5,8.97286,8.95449,8.97264,8.94658,-1.53104,0.13775,-9.20987,-0.01028,0.00927,0.00577
8.989,-2.5,9.02709,8.98543,8.98872,8.95477,-0.83989,-0.13748,-9.90293,0.00204,0.01381,0.00455
9.01675,-3.15276,9.00762,9.00396,9.0462,9.00921,-0.60498,-0.08003,-9.28883,0.001,-0.0012,0.00426
9.092,-3.64596,9.14785,9.07052,9.07759,9.07203,-1.02055,0.68629,-10.19989,0.01157,-0.01507,0.00554
9.11986,-3.6,9.12664,9.12222,9.12925,9.10132,-0.74939,0.03969,-9.26836,0.01821,-0.01204,0.00508
9.18861,-3.37797,9.17454,9.15663,9.22712,9.19617,-1.54786,-0.01863,-9.89809,0.0145,-0.00081,0.00612
9.18725,-2.94665,9.23273,9.20874,9.147,9.16052,-0.58301,0.5269,-10.11874,0.02738,0.0049,0.00656
9.26089,-2.6,9.23663,9.25434,9.31102,9.24158,-0.69324,-0.21981,-9.95399,0.02751,0.00236,0.00561
9.31222,-2.6,9.35426,9.30476,9.31469,9.2752,-1.10862,-0.46091,-10.30399,0.01613,0.00336,0.00539
9.36565,-2.63981,9.33894,9.39401,9.35981,9.36983,-0.55656,-0.16574,-10.06419,0.0023,0.01116,0.00493
9.42852,-2.7,9.43824,9.40386,9.42072,9.45126,-0.96837,-0.22889,-9.88059,-0.00899,0.01486,0.00554
9.45463,-2.7,9.48056,9.44794,9.44934,9.44069,-0.36848,-0.67287,-9.73095,-0.01024,0.00291,0.00741
9.51605,-2.7,9.50938,9.48921,9.53611,9.52951,-0.77834,0.15796,-10.0787,-0.00137,-0.00618,0.00803
9.52861,-2.7,9.56148,9.54254,9.54313,9.46731,-0.92871,0.12308,-10.00808,0.00794,-0.00229,0.00724
9.62651,-2.8,9.627,9.65454,9.64005,9.58446,-1.58263,-0.91253,-10.11702,0.00619,0.01787,0.00638
9.67108,-2.7,9.67705,9.7196,9.63644,9.65123,-0.69045,-0.3639,-10.17686,-0.00028,0.03851,0.00474
9.73041,-2.6,9.70732,9.74196,9.73874,9.73363,-0.56144,-0.22787,-10.09118,-0.00565,0.04287,0.00469
9.79322,-2.52954,9.81834,9.81008,9.76468,9.77976,-0.71418,-0.39768,-10.28202,-0.01906,0.02466,0.00781
9.83048,-2.5,9.85267,9.86533,9.77585,9.82807,-0.67455,0.1209,-10.79819,-0.02562,0.01127,0.00988
9.91334,-2.6,9.951,9.90753,9.8852,9.90965,-0.66966,0.18515,-9.41732,-0.01765,0.0169,0.00801
9.94768,-2.5,9.95434,9.98726,9.94993,9.89917,-0.79198,0.35166,-10.08074,0.00149,0.02059,0.00511
10.03003,-2.5,10.05278,10.03097,10.01544,10.02094,-0.65188,-0.15808,-10.10775,0.01425,0.01724,0.00396
10.05255,-2.5,10.08298,10.08942,10.02233,10.01547,-0.59017,-0.07657,-11.02449,0.01874,0.02357,0.00489
10.13199,-2.1,10.14028,10.1381,10.1504,10.09921,-1.13622,-1.10045,-10.20817,0.0068,0.04169,0.00554
10.12099,-1.8,10.1369,10.09864,10.11226,10.13616,-1.6631,0.45312,-9.2103,-0.00558,0.03809,0.00492
10.15557,-1.35299,10.16719,10.13588,10.18956,10.12965,-0.754,0.12066,-10.19819,0.01416,0.00333,0.00367
10.15642,-0.5,10.17357,10.19467,10.15266,10.1048,-0.29201,-0.37215,-10.36505,0.02332,-0.01826,0.00225
10.21124,-0.64501,10.22767,10.2205,10.22251,10.17426,-1.00333,-0.85305,-9.83722,0.01502,0.00045,-0.00024
10.26886,-0.5,10.23234,10.43755,10.22204,10.18351,-1.22389,0.12874,-11.02268,0.00769,0.05053,-0.00123
10.30706,-0.56639,10.3878,10.22922,10.2618,10.34941,-0.23292,1.78127,-8.90003,0.03316,0.08073,-0.00182
10.26138,0.7,10.33684,10.22983,10.2052,10.27367,0.04488,0.26475,-9.05191,0.04886,0.05178,-0.00572
10.18058,0.5,10.15215,10.33352,10.34482,9.89184,0.39775,-2.71106,-10.68417,0.0157,-0.00508,-0.00373
10.27747,1.30816,10.27006,10.16826,10.37221,10.29936,-0.9594,-1.08254,-9.26786,-0.02207,-0.01303,4e-05
10.17664,3.13832,10.21366,10.22742,10.00153,10.26396,-1.61771,1.05755,-10.21028,0.00776,0.0173,-0.00535
10.21167,5.0,10.20921,10.21992,10.233,10.18453,-1.06924,-0.29817,-10.13789,0.01746,0.03011,-0.01284
10.13405,4.5,10.14201,10.16292,10.07522,10.15603,-0.3366,-1.20882,-9.10558,-0.02141,0.00712,-0.01217
10.13799,4.2,10.13784,10.17883,10.05931,10.17601,0.04614,-0.11762,-9.19359,-0.05538,-0.05149,-0.0143
10.11321,3.8,10.05428,10.04976,10.13524,10.21356,-0.97779,0.13653,-8.15665,-0.06838,-0.09948,-0.01467
10.10165,3.9,10.10635,10.14725,10.10538,10.04763,-1.4196,-0.44624,-9.80878,-0.06447,-0.09292,-0.01135
10.132,3.5,10.09324,10.14032,10.19257,10.10188,-2.37575,-0.75137,-10.14343,-0.06119,-0.03561,-0.00816
10.12908,3.46357,10.18687,10.12766,10.09425,10.10753,-1.35792,0.38435,-9.17516,-0.02667,0.0097,-0.01042
10.1399,3.2,10.15836,10.16064,10.12284,10.11776,-0.4268,0.02086,-9.86294,0.0132,-0.00618,-0.01713
10.13846,2.57657,10.08022,10.13852,10.13345,10.20167,-0.7671,0.14603,-9.86553,0.01458,-0.05374,-0.01781
10.12823,2.0,10.09448,10.11503,10.13186,10.17154,-1.24153,-0.10121,-9.2876,0.02798,-0.07727,-0.01674
10.11066,2.2,10.05695,10.09051,10.13442,10.16075,-1.47298,-0.89382,-9.37081,0.02228,-0.0598,-0.01382
10.15837,1.8,10.22413,10.17395,10.12243,10.11298,-0.89439,-0.44149,-9.34394,0.00213,-0.02744,-0.00942
10.19388,0.9684,10.1575,10.1997,10.16744,10.25089,-1.29522,-0.04911,-9.02405,0.00625,-0.01222,-0.00934
10.16081,0.65727,10.17602,10.1743,10.1499,10.14304,-1.4639,-0.323,-9.27991,0.00475,-0.0264,-0.0092
10.17829,-1.11725,10.15578,10.16758,10.18553,10.20428,-1.551,-0.5187,-9.67619,-0.00156,-0.03833,-0.00504
10.21557,-2.8,10.19195,10.22263,10.18858,10.25914,-1.17656,-0.06953,-9.59484,-0.00176,-0.02623,-0.00034
10.24111,-2.9,10.25656,10.24689,10.22433,10.23667,-1.85537,0.43873,-9.59474,0.00291,-0.01939,0.00457
10.27198,-3.0,10.33563,10.22502,10.26896,10.25833,-0.88588,0.42994,-9.51525,0.00552,-0.01695,0.00696
10.31733,-3.4,10.31639,10.30211,10.32266,10.32817,-1.44586,0.13128,-9.89494,-0.00425,-0.00199,0.00759
10.38361,-3.7302,10.37681,10.33023,10.47028,10.35711,-1.58811,-0.13344,-10.15636,0.00218,0.01223,0.00696
10.39385,-4.15729,10.47327,10.38033,10.40495,10.31684,-0.83278,-0.32309,-9.30838,0.00541,0.00717,0.007
10.43637,-4.75727,10.45403,10.44242,10.41947,10.42957,-0.79304,0.10703,-9.59766,0.00146,-0.01163,0.01093
10.45732,-6.45332,10.45769,10.40428,10.49701,10.47031,-1.55722,-0.32993,-9.66385,0.00995,-0.02031,0.01255
10.4747,-7.1,10.52194,10.48129,10.4157,10.47988,-0.89475,0.2366,-9.25116,-0.00023,-0.0077,0.01627
10.51499,-8.059,10.57009,10.51807,10.44493,10.52688,-1.2403,0.5405,-10.22858,-0.00029,0.01462,0.02246
10.55963,-8.5,10.59215,10.5373,10.54975,10.55931,-0.83632,-0.52806,-9.38337,0.00997,0.02125,0.02397
10.56417,-10.19567,10.60666,10.56422,10.64189,10.44389,-1.33938,-0.52077,-10.27648,0.001,0.00929,0.02716
10.59419,-11.75403,10.61178,10.54411,10.60228,10.61861,-1.2526,0.97706,-10.11275,0.01298,-0.00343,0.03246
10.63627,-11.9,10.71014,10.55584,10.66702,10.61208,-1.0098,0.11217,-9.53539,0.01303,-0.00895,0.03674
10.66767,-12.64335,10.70919,10.61535,10.71269,10.63345,-0.85189,1.12647,-9.85362,0.00779,-0.0183,0.0409
10.69472,-13.1,10.6937,10.66796,10.78074,10.63648,-1.52185,0.43971,-9.77166,0.01494,-0.02366,0.04026
10.7834,-13.23953,10.7954,10.79764,10.75549,10.78506,-1.93021,-0.57517,-10.43232,0.00332,-0.00925,0.04224
10.77015,-13.4,10.80168,10.72809,10.8376,10.71325,-0.94906,0.06278,-8.78438,-0.00242,0.00626,0.04431
10.79446,-13.5,10.83155,10.76172,10.83348,10.75109,-1.45515,1.09209,-9.3751,0.01191,0.00033,0.04354
10.81979,-13.4,10.83958,10.73351,10.93498,10.77109,-2.27171,0.00234,-9.17112,0.01199,-0.00294,0.04372
10.7824,-13.4,10.84889,10.75681,10.78614,10.73778,-1.73675,-0.00707,-10.47597,-0.01248,0.00739,0.04416
10.73085,-12.88563,10.75322,10.72502,10.80695,10.6382,-2.04401,0.09115,-9.71615,-0.01347,0.01215,0.04451
10.70539,-11.74397,10.7316,10.63942,10.78078,10.66975,-2.14113,0.72496,-9.97575,-0.01153,0.00522,0.04312
10.62475,-11.24091,10.66465,10.56843,10.68232,10.58359,-2.15473,0.31423,-10.46108,-0.01637,0.00041,0.04027
10.58987,-10.37588,10.63069,10.50884,10.67892,10.54103,-2.5754,0.80884,-9.87594,0.02158,0.00602,0.03332
10.50394,-8.9,10.57954,10.46143,10.59466,10.38015,-1.21562,-0.88704,-10.46331,0.02427,0.00325,0.02774
10.47887,-8.8,10.47549,10.45068,10.50142,10.4879,-1.55143,-0.15247,-9.44389,-0.00249,-0.01411,0.02755
10.40311,-8.7,10.44338,10.35557,10.46706,10.34642,-2.04397,-0.02504,-10.14452,0.00339,-0.02224,0.02645
10.38306,-8.5,10.38963,10.34675,10.43774,10.35813,-2.26165,-0.24766,-9.1949,-0.02071,-0.01526,0.02797
10.34291,-8.05224,10.40417,10.32956,10.33452,10.30337,-1.33926,0.77174,-10.01421,-0.01521,-0.00076,0.02837
10.29734,-6.67313,10.32023,10.27962,10.37692,10.21259,-1.60197,0.44529,-10.39316,0.0202,0.01417,0.02103
10.25997,-6.3,10.28468,10.26139,10.34148,10.15232,-1.83023,-0.91965,-9.84084,0.0262,0.01861,0.01687
10.19755,-6.5,10.22498,10.17581,10.21391,10.1755,-2.33609,0.27724,-10.24684,0.04597,0.00586,0.01685
10.17343,-6.23316,10.15761,10.18334,10.18749,10.16528,-1.88101,-0.83393,-10.00807,0.04045,-0.00253,0.01571
10.14665,-5.9,10.16569,10.15162,10.10855,10.16075,-1.05085,0.61866,-9.59557,0.01793,0.00385,0.01637
10.19443,-4.6526,10.19946,10.1678,10.19603,10.21443,-1.29919,0.5292,-9.60082,0.026,0.00847,0.0145
10.2003,-3.4,10.20157,10.22857,10.19766,10.17342,-1.66057,-0.75574,-10.29882,0.00269,0.00393,0.01255
10.22506,-3.5,10.24556,10.19443,10.24629,10.21396,-1.08376,0.74917,-10.07017,0.0003,0.00137,0.01171
10.25062,-4.26308,10.25652,10.24037,10.27323,10.23235,-1.06604,0.11626,-9.42903,0.0154,-0.00233,0.00892
10.29034,-7.05942,10.28142,10.26461,10.34636,10.26898,-1.15164,-0.44069,-9.53703,0.01519,-0.01183,0.01338
10.33038,-7.74509,10.33936,10.3055,10.40366,10.27299,-1.6328,0.27064,-10.05686,0.03505,-0.00969,0.02102
10.34666,-6.26877,10.42791,10.30305,10.32398,10.33171,-1.70687,0.36446,-11.4045,0.05259,0.01656,0.02202
10.3727,-4.0,10.40024,10.38159,10.31252,10.39643,-1.10028,0.12431,-10.37221,0.04612,0.05054,0.0167
10.39673,-4.0,10.43954,10.35907,10.48244,10.30587,-0.88115,-0.65398,-9.51344,0.03247,0.04508,0.01081
10.37151,-3.4372,10.3075,10.34344,10.4402,10.39491,-1.03384,-0.76043,-9.41345,0.01948,-0.00021,0.01084
10.36915,-2.44176,10.37196,10.33266,10.41797,10.35399,-1.89498,-0.6117,-10.00045,0.00882,-0.026,0.01326
10.2952,-0.69293,10.35422,10.23353,10.26523,10.32782,-2.38733,0.13599,-10.27784,0.01925,-0.00385,0.00954
10.27133,1.95377,10.29001,10.28743,10.23176,10.27612,-2.23922,-0.19232,-10.01378,0.04352,0.03485,-0.00121
10.18708,3.13906,10.20738,10.19525,10.17434,10.17135,-1.82199,-1.27042,-10.13406,0.01886,0.05724,-0.01069
10.16566,2.79057,10.14607,10.19885,10.13278,10.18492,-2.26761,-0.5221,-10.68307,0.00747,0.05947,-0.00989
10.05145,3.5,10.04926,10.08539,10.07901,9.99214,-2.05406,-1.71208,-10.47499,-0.0056,0.05125,-0.00451
9.90859,3.7,9.92946,9.9093,9.92714,9.86846,-1.74119,-0.40865,-9.90516,-0.03202,0.02871,-0.00297
9.85713,4.22831,9.81335,9.83515,9.84273,9.93728,-2.58859,-0.07946,-9.65618,-0.01971,0.01074,-0.00857
9.75396,5.25872,9.73518,9.68053,9.7894,9.81071,-2.83471,-0.81199,-10.0471,-0.01754,0.01526,-0.01178
9.65393,6.51776,9.637,9.61739,9.68127,9.68007,-2.34886,-0.18942,-9.71523,0.00181,0.02047,-0.01339
9.54217,8.22031,9.5109,9.58276,9.52337,9.55166,-2.34987,-0.74993,-9.74202,0.00624,0.0155,-0.01969
9.43065,9.76232,9.45,9.45492,9.41899,9.39868,-2.38991,-1.42941,-10.49303,-0.00545,0.00736,-0.02684
9.36191,11.05567,9.32086,9.39352,9.34846,9.38479,-2.47828,-0.52738,-10.33037,0.00263,0.01833,-0.03288
9.27802,12.0207,9.28557,9.29338,9.2562,9.27692,-2.66334,-0.81031,-9.94462,-0.01071,0.03473,-0.03265
9.175,13.4281,9.13877,9.23611,9.14258,9.18254,-1.83123,-1.45933,-10.19002,-0.02955,0.03918,-0.03001
9.09726,15.70116,9.05932,9.13748,9.0603,9.13193,-2.0175,-0.83878,-9.98017,-0.03924,0.0308,-0.0356
8.99167,18.07,8.89829,9.00363,8.9859,9.07885,-2.52892,-0.59692,-10.22875,-0.03617,0.0258,-0.04818
8.94454,20.7483,8.85545,8.99672,8.95556,8.97045,-2.39591,-1.8898,-10.07136,-0.04873,0.02812,-0.05351
8.83705,23.57586,8.80175,8.85032,8.79489,8.90123,-1.5725,0.12998,-9.01772,-0.01718,0.01319,-0.06074
8.70527,26.55553,8.66018,8.75981,8.69382,8.70728,-2.41741,-0.72076,-8.28735,0.00872,-0.02545,-0.07424
8.63085,26.02757,8.61653,8.67409,8.54786,8.68493,-1.75428,-0.60248,-9.74599,0.0066,-0.05906,-0.07829
8.55591,24.54723,8.40272,8.5992,8.47649,8.74522,-2.52862,-0.27457,-8.59607,0.01248,-0.06238,-0.0748
8.47046,23.3,8.43281,8.52925,8.37281,8.54699,-2.24239,-0.93045,-9.51478,0.02195,-0.0484,-0.07307
8.36849,23.14137,8.29144,8.4897,8.26385,8.42897,-1.13358,-0.44526,-9.75187,0.04301,-0.04396,-0.0725
8.31971,22.88677,8.24946,8.36331,8.3172,8.34889,-2.4422,-0.92591,-10.01966,0.04436,-0.03798,-0.06648
8.24901,21.48568,8.16595,8.28553,8.21389,8.33069,-2.5453,-1.38629,-8.76766,0.02868,-0.02514,-0.06317
8.1397,16.3278,8.11148,8.1925,8.05248,8.20234,-2.10831,-1.34883,-9.10564,-0.00265,-0.03485,-0.05712
8.04424,10.77666,7.95123,8.07809,8.03601,8.11163,-1.91849,-0.85101,-8.66328,-0.02599,-0.06195,-0.04069
7.99406,9.03722,7.9672,7.99236,7.98056,8.03611,-2.21836,-0.69669,-9.72409,-0.02658,-0.0778,-0.02526
7.93022,4.49152,7.88692,7.96111,7.92348,7.94937,-2.36176,-0.00407,-9.83527,-0.01637,-0.055,-0.01736
7.85973,-1.53902,7.80059,7.85349,7.89226,7.89259,-2.37506,0.31234,-9.64979,-0.01134,-0.01334,-0.00702
7.83855,-9.12393,7.8821,7.79062,7.84591,7.83557,-2.66359,0.76666,-8.60743,0.00197,0.02662,0.00807
7.6717,-16.03065,7.65413,7.71178,7.67289,7.648,-2.09213,0.37831,-10.73184,0.00458,0.01459,0.02861
7.63094,-23.64529,7.66174,7.54098,7.711,7.61004,-1.81791,0.0014,-9.64727,-0.00916,-0.02017,0.05189
7.54233,-31.52444,7.62502,7.45441,7.62076,7.46912,-3.19749,1.16856,-10.04946,0.01212,-0.03315,0.07076
7.42361,-38.38725,7.52061,7.40016,7.50252,7.27115,-1.94132,0.6978,-10.25969,0.02314,-0.0282,0.0915
7.40486,-44.3064,7.48147,7.31297,7.49505,7.32995,-2.21052,0.67391,-9.71512,0.0105,-0.01603,0.11291
7.3226,-49.78396,7.42374,7.21111,7.42397,7.23159,-1.83703,0.87436,-9.72005,0.01012,-0.0083,0.12987
7.26295,-54.1123,7.389,7.14312,7.39611,7.12358,-2.73578,1.31204,-10.10123,0.03861,0.00713,0.13866
7.20214,-57.62868,7.34353,7.06471,7.31767,7.08265,-1.94968,0.98075,-8.92119,0.04222,0.00441,0.14858
7.09195,-62.73634,7.14959,6.94661,7.26975,7.00184,-2.08805,0.347,-9.31395,0.02683,-0.0141,0.16281
7.06021,-67.77306,7.23333,6.98562,7.11438,6.90752,-1.69802,1.22358,-10.1612,0.01771,-0.03746,0.17447
7.0307,-74.20013,7.17513,6.83685,7.18142,6.92938,-2.40209,2.66578,-9.6759,0.04399,-0.04223,0.17964
6.97209,-82.58731,7.10956,6.79681,7.13254,6.84944,-2.6719,1.29751,-9.40703,0.02478,0.00172,0.19805
6.98279,-92.17521,7.26077,6.83462,7.05589,6.77988,-1.78432,1.87857,-10.96128,-0.00768,0.06087,0.2318
6.99504,-103.7685,7.20184,6.75753,7.18602,6.83479,-2.43937,1.78231,-9.68836,-0.02779,0.08469,0.26259
6.97192,-116.74003,7.27007,6.77295,7.09124,6.7534,-1.72051,3.14064,-10.47688,-0.01128,0.06555,0.28511
6.87138,-126.02447,7.11848,6.69107,6.99137,6.68459,-1.49275,3.63971,-10.2669,-0.01352,0.02646,0.31507
6.79886,-132.22373,7.02323,6.58053,7.1089,6.48277,-1.934,2.31875,-9.50019,0.0008,-0.00755,0.33562
6.7828,-136.52585,7.15257,6.49444,7.07043,6.41377,-2.16761,2.53116,-9.71469,0.03689,-0.01995,0.33847
6.69808,-139.07908,6.97694,6.4488,6.99042,6.37616,-2.25254,1.60753,-9.79288,0.03409,-0.0108,0.34605
6.72599,-142.23533,7.00558,6.48672,6.95652,6.45514,-1.88004,2.66751,-9.98564,0.02465,0.00722,0.36081
6.72682,-144.8,7.11389,6.43591,6.9329,6.42456,-1.75474,2.89203,-10.01948,0.02597,0.02557,0.36332
6.69355,-143.44911,6.99103,6.4282,6.96845,6.38653,-1.56854,2.59965,-9.25593,0.02932,0.01264,0.36464
6.72671,-139.16404,7.08074,6.47112,6.95203,6.40296,-1.37909,2.73493,-9.65846,0.05317,0.00214,0.36033
6.74374,-135.8,7.09358,6.49679,6.98304,6.40154,-0.9312,1.59633,-10.45367,0.0421,-0.00713,0.35067
6.83636,-136.42513,7.12176,6.56667,7.08548,6.57155,-1.54353,2.59472,-10.23721,0.03602,-0.00322,0.34687
6.87887,-136.73157,7.14285,6.61053,7.18096,6.58115,-1.40937,2.18328,-9.77856,0.02517,0.02827,0.34923
6.9172,-136.86028,7.24071,6.6762,7.14378,6.60808,-1.37465,2.44549,-9.79122,0.03,0.05125,0.3518
6.94293,-138.45497,7.27099,6.70058,7.1668,6.63333,-1.41833,2.698,-10.42869,0.04657,0.05812,0.35416
6.98099,-142.50361,7.29906,6.72353,7.22316,6.6782,-1.19564,2.54994,-10.03949,0.03689,0.04038,0.35998
7.03334,-146.21026,7.42225,6.73796,7.2787,6.69444,-1.87264,3.13936,-10.15466,0.03724,0.02834,0.37187
7.01828,-147.3,7.40317,6.71529,7.26577,6.68889,-1.10714,2.89267,-9.94139,0.04472,0.02987,0.3818
7.03803,-147.74161,7.32099,6.78392,7.32726,6.71996,-1.04182,2.50767,-9.5416,0.02833,0.01122,0.38502
7.09192,-149.84031,7.45995,6.86195,7.33563,6.71016,-1.004,2.05232,-9.55169,0.00089,-0.01743,0.39246
7.06814,-154.07638,7.42838,6.72075,7.38993,6.73351,-0.9725,4.02604,-9.11541,0.02289,-0.05864,0.40104
7.10002,-157.96248,7.45499,6.79933,7.39271,6.75307,-1.736,3.78824,-10.44601,0.04555,-0.06049,0.40838
7.14855,-159.10001,7.57381,6.86004,7.42558,6.73477,-1.77927,3.97018,-10.42124,0.0916,-0.01849,0.4092
7.19287,-159.26223,7.58414,6.89366,7.57738,6.7163,-1.87581,2.51093,-10.64832,0.1023,0.0551,0.40863
7.27368,-160.2,7.62839,6.97453,7.55108,6.94072,-2.15706,2.55782,-10.44928,0.04702,0.12278,0.41986
7.28922,-160.5,7.69722,6.98509,7.59299,6.88157,-1.20622,2.82207,-9.68273,0.04884,0.12377,0.42868
7.2655,-160.89999,7.65556,6.95023,7.51355,6.94267,-0.84558,3.55276,-9.43767,0.07038,0.05618,0.41913
7.25727,-160.8396,7.65088,6.963,7.5465,6.86868,-1.17909,3.65459,-10.43941,0.08961,-0.00088,0.41741
7.26842,-160.8,7.66642,6.97391,7.58213,6.85121,-1.25943,2.53473,-10.34183,0.07488,-0.02304,0.42693
7.32229,-160.35235,7.68345,6.99006,7.63259,6.98306,-1.65094,2.73245,-9.85523,0.05603,-0.00021,0.43535
7.37946,-158.90646,7.78478,7.1146,7.6529,6.96556,-1.05997,2.93211,-9.77411,0.04753,0.041,0.43503
7.39658,-156.70503,7.78475,7.13213,7.67413,6.99532,-1.28633,2.7895,-9.82104,0.04404,0.04875,0.42856
7.45453,-154.59701,7.84408,7.1663,7.73515,7.07259,-0.65536,2.90539,-10.22748,0.03759,0.02934,0.42809
7.53579,-151.12858,7.92398,7.24975,7.82271,7.14671,-0.62607,2.98687,-9.99524,0.03757,0.00663,0.42535
7.58713,-145.4822,7.97014,7.32778,7.86435,7.18627,-0.41931,2.82081,-10.15391,0.04011,-0.0022,0.41911
7.67737,-138.77349,8.03673,7.40266,7.98333,7.28673,-0.61161,2.34274,-10.19852,0.02786,0.00175,0.40914
7.78075,-130.96123,8.13364,7.52517,8.03364,7.43056,-0.43418,2.53768,-10.10019,0.02191,0.00454,0.39305
7.87178,-122.70022,8.19553,7.63106,8.13333,7.52719,-0.41834,2.47746,-9.76238,0.02213,0.0037,0.37558
7.97441,-107.47302,8.29167,7.75264,8.21708,7.63625,-0.24284,2.46343,-9.98462,0.03662,0.00541,0.34979
8.08201,-86.99624,8.34817,7.88673,8.30556,7.78757,-0.23326,1.52098,-10.01781,0.05238,0.00808,0.30342
8.18557,-65.66282,8.38516,8.05547,8.36667,7.93501,0.05209,0.83628,-9.99324,0.06559,0.00901,0.2408
8.31462,-48.41306,8.50109,8.1976,8.44167,8.11813,0.27558,-0.06578,-9.93421,0.05878,0.00885,0.17711
8.43723,-36.84451,8.55666,8.38565,8.5044,8.3022,0.12712,-0.0706,-10.10708,0.04207,0.01131,0.12943
8.58352,-30.11453,8.68078,8.55022,8.65295,8.45011,0.48396,-0.29567,-9.91358,0.01439,0.00997,0.10348
8.75639,-26.38217,8.854,8.72597,8.8115,8.6341,0.74898,0.07658,-9.86194,0.00264,0.00621,0.08825
8.89689,-25.1,8.9793,8.89279,8.90827,8.80721,0.85058,0.39426,-10.06118,-0.00333,0.00197,0.07888
9.06869,-23.24255,9.17221,9.0381,9.09861,8.96586,0.70463,0.43631,-9.99047,0.00608,0.00063,0.0753
9.22367,-20.44102,9.28432,9.21859,9.24453,9.14726,0.60749,0.17728,-9.82894,0.01151,8e-05,0.06999
9.39248,-17.41412,9.45949,9.38704,9.41389,9.30949,0.61459,0.11256,-9.84488,0.01251,-0.00139,0.06081
9.55395,-14.05203,9.60955,9.58776,9.55094,9.46757,0.36289,-0.2727,-10.16492,0.01563,-0.00227,0.04968
9.71409,-9.59181,9.75908,9.73333,9.72254,9.6414,0.70958,-0.29452,-9.9172,0.00392,0.00343,0.03949
9.87826,-7.9,9.91208,9.90278,9.8679,9.83029,0.65069,-0.17093,-10.17416,0.00836,0.00889,0.02837
10.02337,-7.04229,10.06974,10.06937,10.01122,9.94314,0.74854,-0.44571,-9.96112,-0.00436,0.00767,0.02291
10.19106,-5.57434,10.23433,10.22013,10.16462,10.14518,0.6961,0.03816,-9.98946,-0.00142,0.00085,0.0219
10.35759,-5.6,10.3864,10.40437,10.3296,10.30998,0.76116,-0.54367,-10.00118,-0.01238,-0.00317,0.01754
10.51982,-4.27741,10.54812,10.55514,10.49567,10.48035,0.62234,-0.19611,-9.99615,-0.00928,-0.003,0.01599
10.68002,-2.63028,10.71022,10.72131,10.65186,10.63667,0.69636,-0.21887,-9.86487,-0.00408,-0.00144,0.01232
10.85412,-0.88833,10.91036,10.91895,10.78333,10.80383,0.63176,-0.1858,-10.41146,0.00189,0.00438,0.0068
11.02187,1.78299,11.04622,11.07128,10.98079,10.98918,0.92051,-0.24535,-9.94522,0.00928,0.00866,0.0012
11.18477,3.85611,11.22763,11.24038,11.1317,11.13939,0.69765,-0.36531,-10.05594,0.01479,0.00676,-0.00777
11.34373,5.24208,11.36353,11.38605,11.29282,11.33251,0.89208,-0.80528,-9.64823,0.02025,-0.00391,-0.01386
11.52439,6.25876,11.55695,11.57274,11.46701,11.50087,0.60382,-0.50702,-9.97809,0.00902,-0.00734,-0.01662
11.68467,6.9,11.7122,11.74662,11.60939,11.67048,0.68528,-0.50847,-9.87654,0.00992,-0.00563,-0.0189
11.85494,7.1,11.87638,11.90728,11.78124,11.85486,0.62125,-0.51816,-10.10522,-0.00041,0.00367,-0.01908
12.01727,7.2,12.06471,12.05816,11.96879,11.97744,0.75572,-0.73769,-9.84664,-0.00036,0.00741,-0.02074
12.19133,7.7,12.21951,12.25693,12.1091,12.17979,0.57095,-0.45748,-10.05359,0.00316,0.00661,-0.02187
12.36281,7.9,12.41917,12.40031,12.2946,12.33715,0.61886,-0.89155,-9.90585,-0.00137,0.00301,-0.02287
12.51382,8.1,12.53882,12.56874,12.42978,12.51793,0.73528,-0.5965,-10.00562,0.00476,-0.005,-0.02479
12.67441,8.2,12.7152,12.73112,12.6187,12.63261,0.52092,-0.89663,-10.08567,-0.00557,-0.00301,-0.02597
12.83179,8.3,12.85788,12.89414,12.77278,12.80238,0.61232,-0.7933,-9.75829,-0.01084,0.00014,-0.02275
12.97915,7.9,12.99825,13.03694,12.92202,12.95936,0.57072,-0.75304,-10.04152,-0.01055,-0.00409,-0.02294
13.13449,7.23553,13.1649,13.16711,13.09448,13.11149,0.50089,-0.85296,-9.8514,-0.01745,-0.00698,-0.02204
13.30058,6.7,13.32728,13.36011,13.21257,13.30237,0.39137,-0.26615,-10.04109,-0.00077,-0.00779,-0.02043
13.45073,6.89495,13.48005,13.4946,13.40505,13.42324,0.55182,-0.20141,-9.78945,0.00142,-0.00934,-0.01902
13.56773,7.5,13.59375,13.63541,13.50216,13.53959,0.37337,-0.67264,-10.04398,0.00848,-0.00497,-0.0218
13.71523,8.46122,13.73323,13.75545,13.65773,13.71449,0.16404,-0.75463,-10.16201,0.01274,0.00187,-0.02625
13.86341,9.1,13.909,13.90853,13.79291,13.8432,0.15991,-1.0738,-9.86498,-0.00169,0.00684,-0.02875
13.946,9.0,13.92394,14.00131,13.86985,13.98889,0.11494,-0.79969,-9.7758,-0.00957,-0.00117,-0.03178
14.0314,8.9,14.0,14.10439,13.98377,14.03743,-0.60155,-0.83608,-10.44387,-0.01917,-0.01227,-0.0313
14.17056,8.52516,14.20716,14.22255,14.10046,14.15206,0.06328,-1.12381,-9.68691,-0.02797,-0.00139,-0.03056
14.26932,7.2381,14.292,14.33521,14.15777,14.29229,0.27683,0.1624,-10.11073,-0.01289,0.01242,-0.0284
14.39135,5.68506,14.37936,14.45909,14.33769,14.38927,-0.00178,-0.96131,-9.71412,-0.02697,0.01226,-0.02269
14.48629,3.89827,14.529,14.50308,14.45893,14.45416,0.15642,-0.51911,-9.95439,-0.01957,-0.00357,-0.01985
14.58931,2.98247,14.62215,14.61834,14.53764,14.5791,1.04934,-0.49164,-9.83416,-0.00795,-0.01151,-0.01053
14.67346,2.4,14.68382,14.70327,14.64058,14.66618,-0.18358,-0.08045,-9.74388,-0.0105,-0.01394,-0.00687
14.79593,2.0,14.82801,14.7947,14.8455,14.7155,-0.21088,-1.30312,-10.25359,-0.00248,-0.00625,-0.00803
14.87212,1.30514,14.90587,14.93516,14.78563,14.86183,0.01912,-0.21444,-9.97507,0.00026,0.01072,-0.00724
14.96169,0.30426,14.97088,14.98506,14.94703,14.94377,-0.01236,-0.48027,-9.95771,-0.00748,0.00607,-0.0044
15.03115,-0.87242,15.0436,15.04234,15.01829,15.02039,-0.26453,-0.13933,-9.91225,-0.01352,-0.00939,-3e-05
15.09363,-1.66016,15.12644,15.12029,15.07595,15.05183,-0.26027,-0.45094,-9.83087,-0.01859,-0.01275,0.0075
15.16242,-2.62581,15.18973,15.19286,15.13689,15.13018,-0.54401,0.00837,-10.0813,-0.0181,-0.00532,0.00861
15.25289,-4.72045,15.2732,15.27222,15.24978,15.21637,-0.47381,0.07468,-9.72737,-0.01486,0.00569,0.00936
15.30935,-6.06291,15.36956,15.32598,15.31753,15.22433,-0.36925,-0.13156,-10.14012,-0.01021,0.00845,0.01888
15.36735,-6.5,15.38431,15.39086,15.33631,15.35793,-0.61732,0.39524,-10.07902,-0.01124,-0.00305,0.02404
15.40755,-7.01588,15.42568,15.40244,15.42432,15.37778,-0.58462,0.26631,-9.9717,-0.00739,-0.006,0.02504
15.46554,-7.96017,15.549,15.44937,15.46819,15.39559,-0.83282,0.35632,-9.93101,-0.0135,-0.0046,0.02517
15.49708,-8.5,15.53661,15.48578,15.51584,15.45011,-0.65689,0.36124,-9.84925,-0.00545,0.00109,0.03088
15.53501,-8.5,15.58392,15.52032,15.54911,15.4867,-0.58764,0.3276,-9.81738,-0.00445,-0.00028,0.03301
15.53318,-8.65941,15.56039,15.49803,15.56039,15.51389,-1.01936,0.48578,-10.08595,-0.0032,-0.01364,0.03414
15.55945,-9.36184,15.6223,15.54257,15.61013,15.4628,-0.82932,0.11752,-9.46519,0.00145,-0.01472,0.03801
15.60576,-10.37105,15.64656,15.60783,15.59419,15.57445,-0.791,0.5597,-9.94651,0.00441,0.00686,0.03938
15.65098,-10.48721,15.68878,15.657,15.64905,15.60911,-0.76714,0.55077,-9.84932,-0.00066,0.0175,0.04135
15.68476,-10.24032,15.74324,15.65668,15.71614,15.62298,-0.68264,0.51688,-9.83918,-0.00257,0.00789,0.04237
15.70692,-9.76983,15.77642,15.66171,15.74551,15.64403,-0.87958,0.47766,-10.00733,0.00059,-0.00607,0.04322
15.72796,-8.83881,15.7661,15.7284,15.72074,15.6966,-0.74324,0.84545,-9.88827,0.007,-0.00442,0.04121
15.7797,-7.51923,15.80084,15.77896,15.80282,15.73616,-0.86478,0.50809,-9.8336,0.01101,0.0048,0.0363
15.82287,-5.34865,15.90408,15.83018,15.83211,15.7251,-0.5411,-0.16496,-9.67508,0.01126,0.00215,0.02608
15.87928,-3.22575,15.88341,15.9014,15.87188,15.86041,-0.77841,-0.24626,-9.88328,0.00281,-0.00304,0.01712
15.92747,-1.6581,15.95289,15.95582,15.90198,15.8992,-0.66977,-0.19524,-9.93819,0.00244,0.00582,0.00937
15.97624,-1.7,15.97897,16.0014,15.96786,15.95675,-0.60497,0.09532,-10.08589,-0.00149,0.01391,0.00334
16.01741,-1.6,16.06702,16.0415,16.01111,15.95,-0.60324,-0.2891,-10.09586,-0.00078,0.00462,0.00317
16.06794,-1.57832,16.06794,16.10554,16.02265,16.07564,-0.46013,0.02858,-9.81983,-0.00338,-0.00187,0.00308
16.12229,-1.2,16.14171,16.13265,16.11179,16.10301,-0.31728,0.03949,-9.96067,0.00039,-0.00188,0.00324
16.16764,-0.83743,16.17778,16.187,16.16994,16.13586,-0.73466,-0.20273,-9.8956,0.00024,0.00203,-0.00023
16.2108,-0.5,16.25813,16.22783,16.20838,16.14884,-0.57915,-0.23635,-9.93253,0.00829,0.00031,0.00101
16.25909,-0.5,16.26572,16.295,16.21325,16.26239,-0.80472,-0.28383,-9.89379,0.0023,-0.00651,-0.00123
16.31341,-0.5,16.32672,16.33205,16.29797,16.29691,-0.87738,-0.30593,-10.07967,0.00144,-0.00098,-0.00049
16.36535,-0.7,16.37445,16.39,16.345,16.35194,-0.70705,0.0207,-9.99558,-0.00256,0.00404,0.00154
16.41188,-1.2,16.46015,16.41697,16.41767,16.35274,-0.63856,-0.43396,-9.80778,-0.00338,0.00525,0.00057
16.44686,-1.25921,16.45586,16.47423,16.40308,16.45427,-0.10618,0.0055,-9.72605,-0.00182,-0.00707,0.00207
16.50378,-2.0642,16.51038,16.53783,16.48913,16.47778,-0.80554,-0.11415,-10.09454,-0.00593,-0.00672,0.00505
16.55464,-2.7,16.56979,16.57656,16.53754,16.53468,-0.85308,0.09261,-10.24018,-0.00931,0.00873,0.00671
16.59704,-2.60484,16.66214,16.61769,16.58333,16.525,-0.74967,0.11305,-9.75111,-0.00519,0.01381,0.00956
16.63617,-2.3305,16.6393,16.64865,16.62339,16.63333,-0.54012,-0.10616,-10.07952,-0.00213,-0.00263,0.00902
16.66067,-2.1,16.68561,16.68359,16.63232,16.64116,-0.89449,0.06365,-10.15036,0.0,-0.00788,0.00702
16.71743,-2.1,16.7238,16.72815,16.71667,16.70112,-0.74325,-0.21887,-9.9696,-0.00146,-0.00616,0.0058
16.76667,-2.05818,16.79149,16.78064,16.7677,16.72684,-1.07514,-0.0706,-10.07798,0.00045,0.00913,0.00467
16.80521,-1.9,16.86045,16.78714,16.79254,16.7807,-0.77512,-0.0217,-10.27882,0.00456,0.0108,0.00668
16.84677,-1.8,16.84531,16.88663,16.80443,16.85069,-0.62944,0.19172,-9.72539,0.00591,0.00599,0.00545
16.89637,-1.8,16.88881,16.92747,16.87776,16.89143,-0.2621,-0.18421,-9.80897,0.00783,-0.01102,0.00505
16.91515,-1.8,16.92222,16.92691,16.91172,16.89974,-1.15441,0.16253,-9.95038,0.00338,-0.00137,0.00617
16.95176,-1.9,16.9848,16.97761,16.9518,16.89281,-0.69293,-0.20172,-9.85191,-0.00152,0.00237,0.00555
16.98783,-2.0,17.0032,16.99616,16.96782,16.98415,-0.54126,-0.36878,-9.85993,-0.00509,-0.01176,0.00598
17.0086,-2.0,17.01461,17.01353,17.0035,17.00278,-0.96701,0.28365,-10.08071,-0.00063,-0.00722,0.0067
17.03924,-1.63257,17.04054,17.05253,17.03182,17.03207,-1.06953,0.1438,-9.66474,0.00309,0.005,0.00532
17.04136,-1.6,17.04592,17.03526,17.06412,17.02013,-1.06778,0.02748,-9.9682,0.00433,0.0021,0.00381
17.04993,-1.1555,17.1056,17.02877,17.06115,17.00422,-1.11512,0.31975,-9.93543,-0.0102,0.00678,0.00265
17.05825,-0.2978,17.08687,17.07398,17.04045,17.03168,-0.83434,-0.01566,-9.88535,0.02424,0.02487,0.00079
17.03088,1.88263,17.02644,17.05053,17.01864,17.02792,-0.86138,-0.15601,-9.99787,0.0225,-0.00535,-0.00667
17.03938,1.6,16.99069,17.0317,17.05049,17.08464,-0.97535,-0.1676,-9.30246,0.02743,-0.02728,-0.01659
17.0325,1.34064,17.05485,17.05569,17.03325,16.9862,-1.24561,-0.62276,-9.63894,0.00657,-0.03163,-0.01364
17.05753,0.3735,17.08962,17.06959,17.03728,17.03362,-1.37555,-0.55758,-9.54444,-0.0167,0.00041,-0.0047
17.06053,-0.4,17.07287,17.10894,17.00475,17.05556,-1.16758,-0.46086,-9.89208,-0.03656,0.02275,0.00015
17.07824,-0.3,17.09339,17.09265,17.06667,17.06025,-0.8272,-0.0661,-10.06208,-0.02195,0.01813,0.00134
17.06827,0.2,17.06115,17.08228,17.05833,17.07132,-0.72705,0.17976,-9.83532,-0.0186,0.00276,-0.00205
17.07368,0.39237,17.09932,17.08651,17.08208,17.0268,-0.91303,-0.17086,-9.8585,-0.00297,-0.01511,-0.00501
17.08964,0.29226,17.11308,17.09836,17.06173,17.08538,-1.04476,-0.14131,-9.7777,-0.00272,-0.00707,-0.00442
17.10447,-0.15801,17.09444,17.13869,17.06687,17.1179,-1.13363,0.16555,-9.9558,0.00477,0.01534,-0.00367
17.12561,-0.7,17.12686,17.13765,17.13177,17.10617,-0.94492,-0.0678,-9.94213,0.01575,0.02226,-0.00345
17.11875,-1.62788,17.11016,17.12587,17.11944,17.11953,-0.81384,-0.1805,-10.19626,0.01169,0.00164,-0.00024
17.12635,-1.7,17.14808,17.11313,17.15202,17.09218,-1.20343,-0.13959,-9.55327,-0.00097,-0.0155,0.00479
17.17338,-1.7,17.18876,17.19148,17.12519,17.18808,-1.48276,0.03394,-9.58166,-0.00445,0.00156,0.00749
17.13243,-1.78348,17.14913,17.16754,17.11557,17.09748,-0.88054,0.07408,-9.92575,-0.01192,0.00643,0.00706
17.16783,-1.74351,17.15991,17.16226,17.18171,17.16744,-1.19631,-0.09235,-9.76491,-0.00367,-0.01089,0.00501
17.18231,-2.05112,17.17296,17.18443,17.2128,17.15907,-1.25858,0.26137,-9.80675,0.00235,-0.00134,0.00346
17.18766,-3.3291,17.21636,17.19352,17.20618,17.13457,-1.20611,-0.41242,-10.00092,-0.00071,2e-05,0.00771
17.21477,-4.8,17.2514,17.21038,17.17814,17.21914,-0.93713,0.01783,-9.93821,-0.00595,0.00212,0.0142
17.23204,-4.7,17.24722,17.2494,17.21705,17.21449,-0.97393,0.15045,-10.29647,-0.01791,0.0083,0.02181
17.29139,-3.43635,17.30841,17.29452,17.28933,17.2733,-0.9742,0.30419,-10.27534,0.00171,0.01698,0.01928
17.31993,-1.98146,17.35733,17.33611,17.29857,17.28769,-0.54887,0.43427,-10.17099,0.00064,0.01674,0.01068
17.38385,-2.0,17.42265,17.4,17.4016,17.31115,-0.56096,-0.12883,-9.69891,0.00238,-0.00041,0.00577
17.40834,-2.0,17.40854,17.4194,17.38887,17.41654,-0.56484,-0.1392,-9.38683,0.00092,-0.01736,0.00581
17.43122,-2.36685,17.43487,17.44774,17.39959,17.44269,-0.79602,0.62003,-9.70184,0.0061,-0.02797,0.00584
17.514,-2.9,17.52881,17.5279,17.4983,17.50099,-1.28725,0.15001,-10.24092,0.00084,0.01764,0.00846
17.51889,-3.40282,17.55471,17.58855,17.53243,17.39987,-0.73915,-0.15406,-10.48984,-0.00581,0.04825,0.01149
17.55387,-5.12337,17.61861,17.55722,17.57009,17.46954,-0.7359,-0.00411,-10.29279,-0.00779,0.01618,0.01548
17.57022,-5.3,17.5974,17.52531,17.58375,17.57441,-0.98231,0.03086,-9.95582,-0.00686,-0.01238,0.02141
17.56925,-4.98621,17.57784,17.56863,17.56758,17.56294,-1.19628,0.35571,-9.91309,-0.00343,-0.01446,0.02217
17.59266,-2.84041,17.59446,17.60425,17.58776,17.58416,-1.22571,0.29597,-9.85665,0.00886,0.00283,0.01666
17.59996,-2.0,17.6036,17.60923,17.59241,17.5946,-1.07764,0.29198,-9.70437,0.01616,0.02017,0.00667
17.59728,-2.0,17.62947,17.61281,17.60965,17.53719,-1.03953,-0.12434,-10.19368,0.00735,0.00891,0.00202
17.60614,-2.0,17.64377,17.60211,17.61157,17.56709,-1.19862,-0.16396,-10.16212,-0.00144,0.00081,0.00562
17.60601,-2.5,17.62035,17.6156,17.5747,17.61342,-1.31476,0.22974,-10.16579,-0.01039,0.00662,0.00888
17.60038,-2.93619,17.60732,17.60866,17.5935,17.59203,-1.33567,-0.02204,-10.11506,-0.0057,0.01683,0.00924
17.59858,-3.65697,17.5833,17.60183,17.61289,17.59631,-1.01562,0.12343,-10.36679,-0.00683,0.0154,0.00823
17.59342,-4.0,17.61392,17.60049,17.61772,17.54156,-1.42396,0.01702,-10.62692,-0.00814,0.01993,0.01174
17.60867,-3.64798,17.65556,17.5932,17.64219,17.54373,-1.42858,0.21745,-10.24977,5e-05,0.03238,0.01156
17.59315,-1.70929,17.63082,17.56431,17.58333,17.59413,-1.02109,0.24873,-9.99221,0.02332,0.03168,0.00976
17.54655,-1.5,17.54235,17.55165,17.53635,17.55585,-0.7145,0.1941,-10.07289,0.02759,0.00349,0.00089
17.53008,-1.57922,17.51395,17.52478,17.53206,17.54955,-0.91309,0.03081,-9.75181,0.02402,-0.01811,-0.001
17.51405,-1.9,17.51342,17.52657,17.51981,17.4964,-1.46691,-0.11863,-9.74108,0.01168,-0.00058,0.00448
17.5016,-2.7,17.55191,17.50805,17.51379,17.43265,-1.55028,-0.1715,-10.00693,0.00199,0.02332,0.00883
17.49211,-2.6,17.52506,17.47336,17.47842,17.4916,-0.98996,-0.14049,-10.0322,-0.00672,0.0209,0.01064
17.45631,-2.03659,17.45882,17.47643,17.42675,17.46326,-0.98362,0.12987,-9.87127,-0.00681,-0.00567,0.00974
17.45047,-1.22084,17.43512,17.44447,17.46395,17.45833,-1.14268,-0.02779,-9.72973,0.0007,-0.01807,0.00581
17.43844,-1.3,17.42858,17.44326,17.45256,17.42937,-1.36569,0.08446,-9.9123,0.00579,0.00178,0.00202
17.41112,-1.3,17.4555,17.43344,17.41109,17.34447,-1.16048,-0.14875,-10.05537,0.00611,0.02001,0.00252
17.41778,-1.3,17.45697,17.40897,17.39398,17.41121,-0.90835,-0.02607,-10.04008,0.00644,0.01403,0.00302
17.4039,-1.3,17.39722,17.42901,17.36944,17.41993,-1.05332,0.0088,-10.00757,-0.0,0.00859,0.00454
17.37946,-1.04261,17.3839,17.38941,17.36281,17.38171,-0.98226,0.06381,-9.84899,0.00189,0.0031,0.00294
17.36746,-0.9,17.35238,17.38492,17.375,17.35754,-1.01459,-0.14257,-9.7921,0.00108,-0.00674,0.00201
17.35949,-0.9,17.38261,17.37077,17.37439,17.3102,-1.11406,-0.05726,-9.92624,0.00658,0.00013,0.00031
17.35026,-0.38113,17.37157,17.34423,17.34029,17.34495,-0.95424,-0.0568,-9.80291,0.01131,0.00477,-0.00114
17.31725,-0.1,17.33031,17.34563,17.25511,17.33795,-0.9575,-0.18744,-9.69286,0.00589,-0.00515,-0.00298
17.35099,-0.1,17.39036,17.37257,17.32493,17.31608,-1.27136,-0.1387,-10.28759,-0.0007,-0.00046,-0.00235
17.33489,-0.3,17.33843,17.34483,17.34483,17.31147,-1.28524,-0.20494,-10.22721,0.00186,0.02683,-0.00228
17.29987,-0.3,17.33419,17.33948,17.26137,17.26443,-0.56306,-0.15872,-9.94873,-0.00258,0.02335,-0.00176
17.2978,-0.3,17.30473,17.28056,17.29084,17.31506,-0.7982,-0.24897,-9.68077,-0.00394,-0.01312,-0.00143
17.27885,-0.3,17.27474,17.31944,17.2457,17.2755,-1.30242,0.01933,-10.07459,-0.00076,-0.01079,-0.00093
17.28905,-0.3,17.29367,17.31384,17.26131,17.28739,-1.06432,-0.03326,-9.86276,0.00103,0.01845,-0.0008
17.27327,-0.3,17.25971,17.30137,17.26287,17.26913,-0.80113,-0.13889,-9.86752,0.00392,0.01609,-0.00313
17.26671,-0.3,17.26417,17.29119,17.26925,17.24225,-0.86063,-0.24501,-9.98692,-0.00192,-0.00202,-0.00237
17.29092,-0.3,17.32288,17.31002,17.27609,17.2547,-0.92016,-0.1837,-9.92573,-0.00419,0.00176,-0.00182
17.27933,-0.3,17.27616,17.31527,17.23636,17.28953,-0.8011,-0.10498,-9.89142,-0.00558,0.00585,-0.00149
17.28117,-0.2,17.28966,17.30833,17.24462,17.28209,-0.75588,-0.03486,-9.79757,-0.00537,0.00375,-0.0037
17.2992,-0.2,17.31608,17.31229,17.29285,17.27559,-0.74926,-0.0958,-9.96808,-0.00037,0.0019,-0.00336
17.30909,-0.16585,17.34989,17.33606,17.31106,17.23937,-0.74947,-0.12563,-9.7878,0.00439,0.00254,-0.00218
17.34642,-0.2,17.38247,17.34977,17.33139,17.32205,-0.54955,-0.24039,-9.62438,0.0015,-0.00538,-0.00328
17.34378,-0.2,17.34812,17.37417,17.3075,17.34531,-0.54594,-0.11728,-9.78123,0.00279,-0.01399,-0.00259
17.38457,-0.2,17.38765,17.42519,17.3513,17.37414,-0.90284,0.00014,-9.89687,0.00064,-0.00359,-0.00274
17.39715,-0.2,17.4011,17.44112,17.37582,17.37058,-0.67034,-0.2058,-9.8183,-0.00074,0.00911,-0.00308
17.42703,-0.23372,17.43716,17.45235,17.44381,17.37479,-0.69383,-0.28156,-10.09959,-0.00618,0.00728,-0.00241
17.46746,-0.5,17.50869,17.46853,17.43928,17.45334,-0.92023,-0.1974,-10.54133,-0.01293,0.01719,-0.00089
17.47861,-0.5,17.48533,17.50646,17.4392,17.48346,-0.81534,-0.06856,-10.34251,-0.01127,0.0341,-0.00026
17.46761,-0.5,17.47423,17.49876,17.45478,17.44267,-0.53921,0.01395,-10.50896,-0.00291,0.02884,-0.00047
17.48142,-0.5,17.49137,17.50192,17.4555,17.47687,-0.73879,-0.01405,-10.22581,-0.0019,0.01023,-0.00194
17.47708,-0.5,17.47371,17.48989,17.50102,17.44371,-1.10298,0.12597,-9.72814,0.01239,0.00387,-0.00156
17.47077,-0.5,17.50567,17.47536,17.46265,17.43942,-0.62017,-0.0099,-9.78515,0.01095,0.00189,-0.00066
17.46321,-0.5177,17.48523,17.46552,17.42643,17.47568,-0.51874,-0.23385,-9.50791,0.01284,-0.00312,0.0001
17.46041,-0.54764,17.47753,17.48625,17.43063,17.44722,-0.81632,0.04918,-9.85437,0.01332,-0.00049,-0.00095
17.46672,-0.66392,17.47497,17.47798,17.43912,17.4748,-0.62088,0.07078,-9.48116,0.00334,-0.00232,-0.0
17.45099,-0.8,17.43571,17.46944,17.47142,17.42739,-0.74438,-0.23844,-9.48267,-0.0038,-0.01808,0.00189
17.44176,-0.8,17.467,17.45156,17.44789,17.40059,-1.17328,-0.47664,-10.36422,-0.01122,-0.0233,0.00392
17.46588,-0.9,17.50075,17.47825,17.41234,17.47217,-0.76987,-0.11171,-9.28364,-0.01388,-0.00329,0.00275
17.46486,-0.9,17.47133,17.49578,17.41178,17.48056,-0.88702,0.52389,-9.98595,-0.00581,0.01495,0.00139
17.4778,-1.16453,17.49132,17.50278,17.45378,17.46332,-0.70991,0.21917,-9.74872,0.00442,0.01111,0.00186
17.47565,-1.3,17.45883,17.5042,17.49673,17.44284,-0.62434,-0.13554,-10.06365,0.00891,0.00304,0.00299
17.47564,-1.3,17.50866,17.49269,17.48828,17.41295,-0.79685,-0.109,-9.96108,0.01027,0.00672,0.00315
17.49596,-1.3,17.53368,17.49627,17.46311,17.4908,-0.43453,-0.20869,-9.94354,0.0125,0.00708,0.00428
17.47235,-1.3,17.48388,17.49818,17.43875,17.46861,-0.69402,-0.14487,-10.11252,0.00709,-0.00488,0.00406
17.50675,-1.6,17.50199,17.52699,17.49302,17.50498,-0.68866,0.05163,-9.63835,-6e-05,-0.00948,0.00446
17.51848,-1.6,17.50894,17.5332,17.51809,17.51369,-0.41428,0.06807,-9.5691,-0.00637,-0.00429,0.0049
17.51585,-1.6,17.54773,17.54119,17.52043,17.45406,-0.66345,-0.09826,-9.68688,-0.0107,-0.00729,0.00673
17.55577,-1.6,17.59454,17.5614,17.53133,17.53582,-1.15971,-0.04901,-10.05057,-0.01062,-0.00155,0.00536
17.55653,-1.6663,17.61805,17.60428,17.46782,17.53598,0.01633,0.15925,-10.19544,-0.00303,0.00801,0.00516
17.58502,-1.62514,17.57301,17.62151,17.56833,17.57722,-0.50027,0.11329,-9.56415,-0.00257,0.00097,0.0038
17.63163,-1.25027,17.65443,17.72213,17.57885,17.5711,-1.03629,-0.39361,-10.1376,-0.00148,-0.00602,0.00342
17.61157,-1.1,17.61354,17.61678,17.63432,17.58166,-0.70484,0.12957,-9.51588,-0.01006,0.00231,0.00308
17.64505,-1.1,17.68754,17.66812,17.62907,17.59546,-0.91219,-0.17962,-9.50831,-0.02431,-0.00444,0.00392
17.65202,-1.1,17.68164,17.66327,17.62629,17.63687,-0.56261,-0.36374,-9.84118,-0.02744,-0.00428,0.00425
17.67295,-1.1,17.68593,17.70278,17.6428,17.66029,-0.79771,0.27537,-10.13524,-0.02044,-0.00036,0.00376
17.69719,-1.1,17.71006,17.72308,17.675,17.6806,-0.81086,0.27271,-10.05597,-0.00737,0.00411,0.00284
17.7088,-1.1,17.7102,17.725,17.72246,17.67754,-0.65053,0.06282,-9.87757,0.01249,0.00364,0.0002
17.71141,-1.1,17.74706,17.72597,17.7217,17.65092,-0.89581,0.28123,-10.12415,0.03593,0.00291,-0.00284
17.74291,-1.1,17.77642,17.74569,17.7049,17.74462,-0.91913,-0.19263,-10.2835,0.0512,0.00899,-0.00451
17.73061,-1.0,17.75102,17.74854,17.68249,17.74039,-0.76984,-0.11833,-9.96634,0.04179,0.01908,-0.00349
17.71186,-1.0,17.69943,17.73777,17.69609,17.71416,-0.74685,-0.50726,-9.84484,0.02186,0.01002,0.00037
17.70378,-1.1,17.71573,17.71605,17.68364,17.69969,-0.86475,-0.34785,-9.98542,-0.0088,-0.00673,0.00517
17.68728,-1.4,17.69167,17.70731,17.70409,17.64605,-1.5724,-0.28616,-10.0842,-0.02196,0.00709,0.0078
17.71023,-1.1,17.76325,17.71608,17.69663,17.66496,-1.24081,0.16804,-10.50707,-0.01736,0.03583,0.00747
17.66618,-0.9,17.6964,17.67059,17.64477,17.65295,-0.50958,-0.10896,-9.94847,0.00092,0.02014,0.00187
17.6346,-0.9,17.62223,17.6346,17.63029,17.65126,-0.92734,0.14181,-9.82861,0.01272,-0.01832,-0.00093
17.60436,-0.96637,17.58068,17.59672,17.61023,17.6298,-1.13415,-0.03747,-9.16419,0.01571,-0.03395,0.00032
17.58293,-1.47945,17.58131,17.59007,17.59958,17.56077,-0.96748,0.02273,-9.11125,0.01491,-0.02627,0.00286
17.57528,-1.43454,17.59631,17.5824,17.58432,17.53811,-1.41625,-0.20345,-9.68308,0.00991,-0.00204,0.00505
17.56892,-1.2,17.62386,17.59331,17.50295,17.55556,-0.80642,-0.19547,-9.83695,0.0027,0.0087,0.00511
17.54354,-1.2,17.55266,17.55845,17.52049,17.54255,-0.90903,-0.1021,-10.01702,-0.00101,-6e-05,0.00363
17.54105,-1.2,17.53212,17.57118,17.52863,17.53229,-1.0759,-0.05996,-10.12615,0.00099,-0.00505,0.00412
17.51759,-1.2,17.50095,17.52979,17.54114,17.49846,-0.94085,-0.1919,-9.83683,0.00176,-0.00651,0.00224
17.49861,-1.2,17.50722,17.50779,17.51833,17.46109,-1.44176,-0.01796,-10.14802,-0.00376,-0.00983,0.00245
17.53026,-1.2,17.56196,17.52895,17.51683,17.5133,-1.24012,-0.1961,-10.19791,0.00489,0.00908,0.00265
17.48923,-1.2,17.52775,17.47186,17.47536,17.48193,-0.69992,0.226,-9.64444,0.01236,0.01273,0.00193
17.47758,-1.1,17.46675,17.46927,17.48032,17.49397,-1.44502,0.23195,-10.47006,0.02542,-0.00682,0.00156
17.48984,-1.1,17.48808,17.50899,17.48056,17.48172,-1.19306,-0.24298,-10.13116,0.02523,-0.00023,-0.00054
17.48823,-1.1,17.49657,17.51773,17.49664,17.44198,-1.18311,-0.26262,-9.91547,0.00505,0.01862,0.0004
17.50211,-1.1,17.51382,17.50537,17.49371,17.49555,-0.98565,-0.47059,-9.94962,-0.02188,0.02289,0.00444
17.48154,-1.1,17.51586,17.4727,17.44749,17.49011,-1.0418,-0.36447,-10.06915,-0.03588,0.02414,0.00829
17.46706,-1.1,17.476,17.49467,17.43679,17.46079,-1.13748,0.08788,-10.25644,-0.0267,0.03013,0.00642
17.45352,-0.53892,17.46478,17.45792,17.43564,17.45574,-1.25913,0.40893,-10.79607,-0.0033,0.03667,0.00115
17.43061,-0.5,17.43797,17.45742,17.44374,17.3833,-0.75337,0.13757,-10.25849,0.02031,0.02918,-0.00364
17.40778,-0.5,17.41058,17.4205,17.43003,17.37001,-0.76116,-0.1877,-10.42704,0.02812,0.01097,-0.00487
17.39703,-0.6,17.42089,17.40244,17.35156,17.41322,-1.01674,-0.41794,-9.79559,0.01952,0.00417,-0.00184
17.37072,-0.6,17.36636,17.40571,17.33536,17.37547,-1.19065,-0.06878,-10.34248,0.01219,0.01256,0.00014
17.35096,-0.6,17.3555,17.37094,17.31758,17.35983,-0.86583,0.0341,-9.96826,0.00273,0.01842,0.00195
17.3356,-0.6,17.33762,17.34444,17.34924,17.3111,-0.77673,-0.31495,-9.78397,-0.00213,0.00758,0.00116
17.3195,-0.6,17.34267,17.32754,17.31673,17.29106,-0.80758,-0.0194,-9.94482,-0.00448,-0.00332,0.00052
17.30204,-0.6,17.33214,17.29642,17.26997,17.30965,-1.01948,-0.1937,-9.85242,-8e-05,0.00188,0.00146
17.28202,-0.6,17.29432,17.31842,17.24633,17.269,-0.78923,-0.03602,-9.91223,-0.00347,0.01256,0.00121
17.2634,-0.6,17.24754,17.3039,17.24691,17.25524,-0.57551,-0.05858,-9.89002,-0.00415,0.00901,0.00149
17.23444,-0.6,17.254,17.26469,17.25673,17.16234,-0.71413,-0.25102,-9.99343,-0.00204,-0.00221,0.00307
17.24339,-0.6,17.2965,17.22421,17.27424,17.17859,-0.89324,-0.02433,-10.27324,0.00245,-0.00379,0.00373
17.29724,-0.7,17.33682,17.3311,17.2104,17.31062,-0.57112,0.72221,-10.18745,-0.00215,0.01262,0.00529
17.30834,-0.7,17.33085,17.35773,17.27559,17.26919,-0.43558,0.29834,-9.83286,0.00312,0.02929,0.00531
17.33034,-0.6,17.3402,17.36034,17.3304,17.29043,-0.24453,-0.45256,-10.02756,0.0084,0.01391,0.0048
17.34238,-0.5,17.3435,17.37039,17.32873,17.32692,-0.40526,0.36614,-9.57379,-0.00137,-0.00431,0.0065
17.33677,-0.5,17.36034,17.35906,17.3494,17.27829,-0.79477,-0.01198,-10.08549,-0.00821,-0.00784,0.0065
17.35977,-0.5,17.4317,17.39322,17.32296,17.29118,-0.46352,-0.65922,-9.52925,-0.01049,-0.00103,0.00645
17.36139,-0.5,17.39418,17.3719,17.32584,17.35362,-0.27548,0.54554,-9.48868,-0.00544,-0.00761,0.00635
17.38222,-0.5,17.38049,17.41897,17.37507,17.35434,-0.84838,-0.2317,-9.89578,-0.00141,-0.01135,0.00451
17.38932,-0.4,17.40526,17.45006,17.39391,17.30804,-0.41532,0.25966,-9.46788,0.00127,0.00358,2e-05
17.41064,-0.4,17.43116,17.42382,17.40466,17.38292,-0.53643,0.33245,-9.60936,0.01047,0.00874,0.00133
17.4197,-0.3,17.46997,17.42499,17.39108,17.39276,-0.63604,0.09154,-10.2173,0.01065,0.00079,0.00298
17.41404,-0.3,17.44913,17.42969,17.36675,17.41058,-0.6727,0.07387,-9.43251,0.01279,0.00236,6e-05
17.41614,-0.3,17.40278,17.42236,17.41717,17.42227,-0.60312,0.10674,-9.60564,0.00957,0.0077,-0.00113
17.393,-0.3,17.42904,17.44228,17.40666,17.29404,-0.64885,-1.01609,-10.65081,-0.00192,0.00226,0.00244
17.39025,-0.3,17.40217,17.40351,17.41353,17.34181,-0.44759,-0.31049,-9.39759,-0.00349,0.00045,0.00433
17.42459,-0.36477,17.44809,17.43854,17.35496,17.45677,-0.70012,-0.39402,-9.95078,-0.00591,-0.00869,0.00276
17.38359,-0.3,17.39722,17.37319,17.35074,17.41321,-0.63626,0.09474,-9.70935,-0.00999,-0.00669,0.00046
17.35006,-0.3,17.33406,17.35592,17.36401,17.34624,-1.33233,-0.03536,-10.02711,-0.00585,-0.0053,-0.00017
17.31853,-0.3,17.30077,17.33678,17.35527,17.28132,-1.29551,-0.05694,-10.16184,0.00074,0.00182,0.00119
17.26682,-0.3,17.27761,17.25833,17.28719,17.24416,-0.79439,0.43525,-9.48915,0.00998,0.00395,-0.00267
17.24893,-1.7,17.27258,17.23706,17.22349,17.26258,-1.15238,-0.60884,-10.33431,0.00547,-0.00201,-0.00248
17.15782,-2.45591,17.21517,17.17442,17.17526,17.0664,-1.24433,-0.88331,-10.63853,-0.00468,0.00071,0.00362
17.16477,-3.364,17.13261,17.15624,17.15278,17.21746,-1.37546,-0.0035,-9.87181,-0.01579,0.0011,0.01083
17.09769,-4.06225,17.08943,17.08915,17.11166,17.10052,-0.87665,0.09884,-9.6125,-0.01158,-0.00309,0.01211
17.01892,-5.0,17.01742,16.98274,17.07378,17.00175,-1.34518,0.15932,-9.46548,-0.00551,-0.0141,0.01301
16.99079,-5.4,17.02317,16.94037,16.94989,17.04972,-1.6039,0.53284,-9.63603,-0.00656,-0.00782,0.01708
16.89478,-5.4,16.92664,16.88005,16.90924,16.86321,-1.42751,0.49587,-9.92311,8e-05,0.00772,0.01817
16.82217,-5.4,16.82765,16.81106,16.82686,16.82309,-1.43564,0.44281,-10.301,0.00775,0.00824,0.01815
16.73164,-5.2,16.75436,16.68578,16.81038,16.67602,-1.97424,-0.54901,-10.68146,0.01094,-0.00238,0.01795
16.67262,-5.1,16.68122,16.65659,16.70292,16.64977,-1.4451,0.10251,-9.95034,0.0009,-0.00299,0.01928
16.60577,-4.8,16.60556,16.54231,16.56987,16.70536,-1.71521,0.37823,-10.06068,0.00214,0.00611,0.01843
16.50421,-4.0904,16.49058,16.48967,16.53521,16.50139,-1.3824,0.38141,-9.22127,0.00267,0.01019,0.01681
16.39517,-3.0418,16.3907,16.38213,16.4447,16.36316,-1.13552,0.17399,-9.6055,0.00693,0.00132,0.0128
16.29686,-2.6,16.30594,16.26207,16.35182,16.2676,-2.02685,-0.15554,-9.95158,0.00816,-0.00978,0.00763
16.21875,-2.5,16.26878,16.19833,16.20345,16.20445,-1.56709,-0.37547,-9.9864,0.00076,-0.00508,0.00696
16.13451,-2.4,16.10649,16.16714,16.14589,16.11854,-1.91058,-0.32275,-10.02633,-0.00344,0.00334,0.00775
16.04845,-2.1,16.05441,16.04101,16.07241,16.02597,-1.30961,0.23358,-9.73988,-0.00215,0.00725,0.00675
15.95589,-2.0,15.9456,15.93285,15.98579,15.95933,-1.46207,0.13399,-9.90373,0.00276,0.00069,0.0048
15.87865,-2.0,15.89365,15.84897,15.87472,15.89727,-1.98871,-0.02478,-9.23065,0.00081,-0.00403,0.00429
15.78432,-2.03806,15.76111,15.80873,15.78769,15.77976,-1.68124,-0.25568,-9.91047,0.00602,0.00181,0.00383
15.68704,-2.09971,15.68571,15.66951,15.71789,15.67507,-1.74955,0.02499,-9.84017,0.00494,0.00876,0.00405
15.62332,-2.04203,15.63931,15.60383,15.62306,15.6271,-1.62671,-0.07201,-9.92771,0.00782,0.00503,0.00396
15.51925,-2.4,15.52564,15.53035,15.52076,15.50023,-1.38415,-0.24338,-9.96066,0.00614,-0.00193,0.00401
15.44451,-2.86149,15.42659,15.42622,15.47189,15.45333,-1.53454,-0.0946,-9.44929,0.00551,-0.00133,0.00573
15.3335,-3.2,15.34909,15.29712,15.37866,15.30914,-2.12256,0.22259,-10.13671,0.00462,0.00642,0.0069
15.26552,-3.78622,15.29672,15.22806,15.26311,15.27418,-1.90928,-0.56845,-9.7515,0.00441,0.00903,0.00949
15.13494,-4.46292,15.14083,15.1515,15.15319,15.09422,-1.28171,-0.05868,-10.15025,0.00284,-0.00727,0.01072
15.05717,-4.24175,15.06588,15.04061,15.10251,15.01967,-1.56774,0.06098,-9.78907,0.00452,-0.01708,0.01128
14.99761,-3.55472,15.02385,14.96284,15.00096,15.00278,-1.93198,0.09915,-9.88144,0.0037,0.00041,0.00959
14.89917,-2.74015,14.87169,14.92685,14.9127,14.88545,-1.86159,-0.13828,-9.96574,0.00468,0.01555,0.00861
14.80365,-2.2,14.79862,14.78801,14.84751,14.78046,-1.84008,-0.37361,-10.40049,0.00688,0.01535,0.00772
14.71027,-2.00702,14.72845,14.69285,14.69241,14.72737,-1.24055,0.42007,-9.89741,0.00915,0.00595,0.00563
14.60348,-1.86336,14.62462,14.59139,14.5797,14.61821,-1.27137,0.2702,-9.88673,0.00977,-0.00512,0.00528
14.52086,-1.6,14.51576,14.51753,14.52878,14.52136,-1.567,0.08752,-9.91379,0.00716,-0.00941,0.00478
14.43379,-1.4,14.43943,14.41765,14.46012,14.41794,-1.81248,-0.14377,-9.93487,0.00918,-0.00386,0.00399
14.33894,-0.8,14.34106,14.34402,14.33394,14.33672,-1.79708,-0.16006,-9.91075,0.00676,0.00358,0.00222
14.23383,-0.7,14.22977,14.23016,14.24524,14.23016,-1.68,-0.28788,-9.9919,0.00664,0.00528,0.00054
14.12198,-0.5,14.10833,14.11303,14.14255,14.124,-1.83774,-0.33562,-9.9047,0.00601,0.00018,5e-05
13.9973,-0.2,13.97358,13.99658,13.99406,14.025,-1.97876,-0.10186,-9.90098,0.00256,-0.00507,-0.0003
13.87583,0.1,13.849,13.86571,13.90647,13.88215,-1.8038,-0.40863,-9.79301,0.00233,-0.00472,-0.00051
13.77055,0.46705,13.77988,13.76419,13.76809,13.77005,-1.90943,-0.14953,-10.09325,0.00585,0.00245,-0.00203
13.65568,0.7,13.62362,13.67655,13.65973,13.66281,-1.93594,-0.43746,-9.7622,0.00698,0.00576,-0.00503
13.51528,0.94416,13.51424,13.50486,13.53542,13.50659,-1.72591,-0.10105,-9.69261,0.01028,-0.00018,-0.00487
13.42128,1.61722,13.43385,13.40909,13.41163,13.43056,-1.89237,-0.63453,-10.1245,0.01148,-0.00084,-0.00473
13.31822,2.56531,13.29338,13.34084,13.31321,13.32544,-2.08737,-0.49404,-9.88932,0.00375,0.00941,-0.00607
13.19233,2.8,13.19632,13.19355,13.20659,13.17288,-1.76535,-0.29736,-9.86935,0.0044,0.00995,-0.00981
13.06796,2.9,13.05857,13.06681,13.06681,13.07966,-1.65513,-0.47625,-9.86343,0.00326,-0.00153,-0.01234
12.96784,2.8,12.94587,12.95655,12.97984,12.9891,-1.92087,-0.33192,-9.70168,0.00156,-0.00617,-0.01077
12.88216,2.8,12.8866,12.87343,12.84988,12.91873,-1.87175,-0.35851,-9.59503,0.00162,-0.00204,-0.00962
12.76236,2.8,12.7398,12.78291,12.75833,12.76842,-1.83689,-0.20454,-9.87519,0.00122,0.00191,-0.01084
12.65794,2.8,12.66524,12.65469,12.66667,12.64518,-1.72703,-0.48257,-9.97034,0.00106,0.00244,-0.01068
12.54467,2.7,12.52066,12.55453,12.53196,12.57154,-1.71599,0.04697,-9.42716,0.00422,0.00441,-0.01057
12.43429,2.6,12.42189,12.43193,12.45696,12.42637,-1.87195,-0.68505,-9.92199,0.00976,0.00436,-0.01106
12.31173,2.3,12.31556,12.31449,12.25576,12.36111,-1.45964,-0.33043,-9.93348,0.00517,-0.0008,-0.00924
12.208,2.1,12.19959,12.20999,12.20836,12.21404,-1.83035,-0.31995,-9.74267,0.00945,-0.00318,-0.01013
12.11303,1.46037,12.1155,12.11552,12.08559,12.13553,-1.87507,-0.59879,-9.83746,0.00237,0.00396,-0.0095
11.99888,-0.39552,11.96773,12.0222,11.98795,12.01763,-1.99275,-0.4157,-9.86038,-0.00468,0.00635,-0.00546
11.90688,-0.6,11.98369,11.88316,11.88689,11.87379,-1.27567,0.06623,-10.01694,-0.00251,-0.00232,-0.00084
11.80874,-1.0,11.76792,11.83567,11.81058,11.82079,-1.64603,-0.35172,-9.85688,0.00349,-0.00393,-1e-05
11.69892,-1.3,11.72102,11.71667,11.66436,11.69364,-1.31562,0.13949,-9.82223,0.00131,-0.00062,0.00184
11.63468,-1.7,11.63525,11.63014,11.62204,11.65127,-1.16697,-0.10078,-9.88422,0.0054,0.00136,0.00405
11.56472,-1.97125,11.56166,11.55833,11.59388,11.54501,-1.63446,-0.3548,-9.95811,0.00555,0.0059,0.00421
11.50173,-2.82387,11.51111,11.48514,11.47715,11.53351,-1.56505,-0.1968,-9.98652,0.00203,0.01238,0.00591
11.43726,-3.75242,11.41171,11.43675,11.45522,11.44534,-1.69645,-0.05276,-9.73278,0.00294,0.01278,0.00918
11.36323,-4.2,11.38333,11.33131,11.37121,11.36705,-1.524,-0.1979,-10.02357,0.00434,0.00571,0.01258
11.28343,-4.3,11.27313,11.26685,11.31871,11.27502,-1.2896,-0.10425,-9.84432,0.00031,4e-05,0.01479
11.2229,-4.27382,11.23998,11.18548,11.23388,11.23224,-1.22716,-0.18773,-9.85337,-0.00046,0.00217,0.01347
11.14807,-4.2,11.15998,11.1524,11.1582,11.12172,-1.66265,-0.37453,-9.74871,-0.0041,0.00441,0.01236
11.07503,-4.2,11.092,11.0588,11.07109,11.07825,-1.78959,-0.54694,-9.85494,-0.00499,0.00072,0.01365
11.00036,-4.2,11.00466,10.98978,11.0209,10.98611,-1.52155,-0.52247,-9.69156,-0.00557,-0.00424,0.01542
10.93115,-4.2,10.96787,10.90199,10.93454,10.92018,-1.38278,0.00621,-9.99414,-0.00071,-0.00709,0.01418
10.86058,-4.05297,10.86013,10.85278,10.89167,10.83773,-1.66007,-0.07415,-9.94338,0.00544,-0.00606,0.01257
10.80575,-4.0,10.83487,10.78918,10.78611,10.81283,-1.60062,-0.08321,-9.97255,0.00351,6e-05,0.01285
10.74137,-4.0,10.7561,10.72923,10.75501,10.72514,-1.73379,-0.03789,-9.68136,0.00569,0.00581,0.01302
10.68095,-4.0,10.70179,10.65978,10.67578,10.68645,-1.40149,-0.27726,-9.62678,0.00238,0.00469,0.01363
10.60491,-4.0,10.61778,10.60426,10.61278,10.58482,-1.72145,-0.22916,-10.10015,0.00157,0.00054,0.01308
10.54663,-4.0,10.57105,10.5242,10.54127,10.55,-1.52728,-0.35846,-9.88816,0.00214,0.00312,0.01222
10.47817,-4.0,10.4809,10.48368,10.49791,10.45018,-1.53532,-0.27009,-10.1368,0.00362,0.00952,0.01128
10.41176,-2.14516,10.43381,10.37329,10.41424,10.42571,-1.35543,0.0272,-9.79087,0.01064,0.00819,0.01011
10.33634,1.9279,10.33792,10.32803,10.35691,10.32248,-1.30204,-0.25353,-9.94067,0.01392,0.00195,0.00453
10.27549,4.14465,10.2784,10.26572,10.26026,10.29758,-1.32175,-0.45436,-9.94677,0.01247,-0.00079,-0.00507
10.21513,4.67782,10.18911,10.22483,10.22267,10.22392,-1.43426,-0.75712,-9.91713,0.00505,0.00342,-0.01174
10.14387,4.6,10.13003,10.15992,10.12999,10.15553,-1.19426,-0.41131,-9.73208,0.00475,0.00222,-0.01287
10.06774,4.5,10.05554,10.08006,10.06615,10.0692,-1.37638,-0.476,-9.90687,0.00779,-0.00601,-0.01349
10.01157,3.94462,9.99722,10.03723,9.97853,10.03329,-1.11466,-0.35324,-9.87187,0.0015,-0.0064,-0.01326
9.94405,3.6,9.92687,9.95031,9.94663,9.95241,-1.45316,-0.3528,-9.78488,0.001,0.00121,-0.01278
9.88584,3.6,9.86445,9.91499,9.86278,9.90112,-1.28896,-0.45789,-9.8525,0.00159,0.00605,-0.01253
9.82154,3.5,9.82575,9.8394,9.8124,9.80864,-1.3525,-0.42563,-10.05012,-0.00079,0.00486,-0.01217
9.75527,3.5,9.72696,9.77287,9.75507,9.76617,-1.25549,-0.47751,-9.94787,-0.0044,0.00434,-0.01136
9.69396,3.3,9.69429,9.68971,9.67762,9.71419,-1.47079,-0.27581,-10.04122,-0.00249,0.00496,-0.01115
9.62944,3.1,9.62347,9.6432,9.6199,9.63118,-1.4486,-0.32857,-9.9007,-0.00029,0.00308,-0.011
9.56851,2.68719,9.57111,9.5619,9.54095,9.60008,-1.27386,-0.13869,-9.58038,-0.00106,-0.00246,-0.00833
9.49154,1.33622,9.48569,9.4999,9.48686,9.4937,-1.30662,-0.22348,-9.87427,-0.00305,-0.00592,-0.00621
9.42585,0.81381,9.42509,9.42119,9.41657,9.44054,-1.29009,-0.06756,-9.74497,-0.00161,-0.00353,-0.00357
9.35603,0.9,9.35737,9.34854,9.37137,9.34685,-1.59039,-0.11383,-9.93858,0.00164,0.00188,-0.00223
9.27959,0.9,9.2662,9.28366,9.27345,9.29506,-1.49761,-0.17745,-9.82267,0.00349,0.00379,-0.00241
9.21048,0.8,9.21523,9.20248,9.2248,9.19941,-1.56781,-0.30991,-9.85469,0.00336,0.00049,-0.00368
9.13353,1.25544,9.1192,9.14404,9.13603,9.13484,-1.61654,-0.27593,-9.98407,-0.0016,-0.00242,-0.00354
9.05001,2.35297,9.05728,9.03611,9.0295,9.07715,-1.58096,-0.29302,-9.65537,-0.00046,-0.00143,-0.00312
8.97345,5.4062,8.98686,8.96465,8.98287,8.95941,-1.49354,-0.42104,-9.90527,0.00411,0.002,-0.0074
8.88715,8.52987,8.87917,8.9153,8.85553,8.89861,-1.35858,-0.36844,-9.69118,0.0065,0.00151,-0.01558
8.8071,9.05197,8.78643,8.81996,8.80381,8.81822,-1.66165,-0.71083,-9.94607,0.00261,0.00026,-0.02369
8.72954,7.87585,8.69048,8.75159,8.72163,8.75446,-1.35291,-0.6082,-9.84816,-0.00524,0.00182,-0.02512
8.65948,7.12447,8.66114,8.66216,8.62186,8.69274,-1.36156,-0.28806,-9.79442,-0.007,0.00379,-0.021
8.56404,6.14453,8.54665,8.56492,8.56784,8.57677,-1.46481,-0.35195,-9.70318,-0.00618,0.00168,-0.01737
8.4732,5.3,8.46006,8.48743,8.45342,8.49189,-1.554,-0.30307,-10.0323,-0.00445,-0.00285,-0.01626
8.39369,4.57203,8.38491,8.40929,8.38246,8.39809,-1.39674,-0.31576,-9.98749,-0.00396,-0.00101,-0.01546
8.33019,3.08135,8.3171,8.35511,8.31491,8.33362,-1.55943,-0.44711,-9.84223,-0.00494,0.00586,-0.01176
8.25564,2.6,8.26875,8.2575,8.22812,8.26819,-1.35194,-0.29952,-9.79689,-0.00463,0.00774,-0.00826
8.16586,2.33787,8.15929,8.16918,8.17682,8.15816,-1.26506,-0.42003,-9.98798,-0.00435,0.00561,-0.00722
8.09271,1.38868,8.07417,8.10159,8.08611,8.10898,-1.13598,-0.35029,-10.02464,-0.00956,0.00214,-0.00591
8.01361,0.03036,8.00488,8.01713,8.01915,8.0133,-1.42798,-0.36666,-9.89665,-0.01373,-0.00316,-0.00274
7.91904,-0.4,7.90239,7.91944,7.93252,7.92181,-1.77083,-0.10733,-9.74506,-0.00998,-0.00707,0.00111
7.81764,-0.4,7.81258,7.80734,7.82303,7.82761,-1.78804,-0.08271,-9.92429,-0.00724,-0.00799,0.00304
7.69839,-0.93246,7.69717,7.68884,7.71478,7.69276,-2.01906,-0.05763,-9.90798,-0.00353,-0.00601,0.00201
7.57804,-1.85495,7.55603,7.58218,7.59492,7.57902,-1.96884,-0.5252,-9.94489,-0.00291,-0.00175,0.00262
7.46481,-2.0,7.48772,7.44091,7.4643,7.46632,-2.0483,-0.30536,-9.80579,-0.00484,0.00264,0.00446
7.32584,-2.0,7.31994,7.32399,7.34318,7.31626,-1.8755,-0.10448,-10.10233,0.00097,0.00329,0.00455
7.22388,-1.76728,7.22609,7.21901,7.23099,7.21944,-1.80764,-0.16015,-9.83474,0.00749,0.00448,0.00431
7.0961,-1.23649,7.12433,7.07651,7.07651,7.10706,-1.74415,-0.00308,-9.8227,0.00977,0.00554,0.00324
6.96403,-0.45169,6.94877,6.96861,6.98401,6.95472,-1.88668,-0.47747,-9.94031,0.00757,0.00588,0.00349
6.8633,0.21214,6.86402,6.85887,6.87016,6.86017,-1.5608,-0.23056,-9.73101,0.00562,0.00576,0.00265
6.73955,0.7,6.75737,6.72418,6.72582,6.75082,-1.83844,-0.35066,-9.88733,0.00483,0.00705,-0.00016
6.63344,0.3,6.63508,6.62654,6.63107,6.64106,-1.60046,-0.30671,-9.89169,0.002,0.00686,-0.00163
6.52422,0.18575,6.51423,6.53333,6.52554,6.52378,-1.61548,-0.4062,-9.77331,-0.001,0.0016,-0.00022
6.42051,-0.2885,6.40308,6.422,6.41717,6.43981,-1.56266,-0.31262,-9.88662,-0.00514,-0.00134,-0.0001
6.30914,-3.72623,6.30642,6.31302,6.30965,6.30747,-1.67265,-0.22778,-10.09323,-0.00884,-0.00242,0.00171
6.20956,-8.60463,6.22237,6.18494,6.23326,6.19766,-1.71835,-0.01578,-9.7661,-0.01191,-0.00261,0.01208
6.11064,-10.26218,6.12285,6.10338,6.1293,6.08703,-1.56648,0.16579,-9.61523,-0.00674,-0.00415,0.0232
